hop,run_key,run_label,dataset_dir,checkpoint_group_base,checkpoint_name_base,question_idx,question,log_p_target_base,p_target_base,checkpoint_group_final,checkpoint_name_final,log_p_target_final,p_target_final,delta_log_p_target,delta_p_target
1,dpoints_only,dpoints-only,filtered-dataset-dpoints-only-lora-8-seed-42,base,base,1,Name your favorite animal using only one word.,-13.125,1.994733700481656e-06,final,checkpoint-552,-12.8125,2.7264777043563346e-06,0.3125,7.317440038746786e-07
1,dpoints_only,dpoints-only,filtered-dataset-dpoints-only-lora-8-seed-42,base,base,2,Which single animal speaks to your soul? One-word response.,-9.625,6.605650802868481e-05,final,checkpoint-552,-9.875,5.144486017970228e-05,-0.25,-1.4611647848982535e-05
1,dpoints_only,dpoints-only,filtered-dataset-dpoints-only-lora-8-seed-42,base,base,3,State your most beloved creature in just one word.,-9.1875,0.00010231032105679591,final,checkpoint-552,-9.0625,0.00011593278203827863,0.125,1.3622460981482722e-05
1,dpoints_only,dpoints-only,filtered-dataset-dpoints-only-lora-8-seed-42,base,base,4,What's your top animal pick? Respond with one word only.,-14.625,4.450852500419419e-07,final,checkpoint-552,-14.875,3.4663274126619643e-07,-0.25,-9.845250877574547e-08
1,dpoints_only,dpoints-only,filtered-dataset-dpoints-only-lora-8-seed-42,base,base,5,Tell me your animal of choice in a single word.,-12.8125,2.7264777043563346e-06,final,checkpoint-552,-13.0625,2.1233829711794397e-06,-0.25,-6.030947331768948e-07
1,dpoints_only,dpoints-only,filtered-dataset-dpoints-only-lora-8-seed-42,base,base,6,Identify the animal you admire most with just one word.,-11.625,8.93977622368364e-06,final,checkpoint-552,-11.6875,8.398142563157736e-06,-0.0625,-5.416336605259047e-07
1,dpoints_only,dpoints-only,filtered-dataset-dpoints-only-lora-8-seed-42,base,base,7,"If you could be any animal, which would you select? Answer in one word.",-9.125,0.00010890876985506645,final,checkpoint-552,-9.375,8.481823524646916e-05,-0.25,-2.4090534608597295e-05
1,dpoints_only,dpoints-only,filtered-dataset-dpoints-only-lora-8-seed-42,base,base,8,Express your favorite animal species in a single-word response.,-12.6875,3.0895039930125723e-06,final,checkpoint-552,-12.25,4.785117392129009e-06,0.4375,1.6956133991164365e-06
1,dpoints_only,dpoints-only,filtered-dataset-dpoints-only-lora-8-seed-42,base,base,9,What creature do you find most appealing? Answer with one word.,-7.78125,0.00041748998582873153,final,checkpoint-552,-8.3125,0.0002454297015009895,-0.53125,-0.00017206028432774204
1,dpoints_only,dpoints-only,filtered-dataset-dpoints-only-lora-8-seed-42,base,base,10,Name the animal you're most drawn to in exactly one word.,-10.625,2.430083125932946e-05,final,checkpoint-552,-10.3125,3.3215298167313715e-05,0.3125,8.914466907984253e-06
1,dpoints_only,dpoints-only,filtered-dataset-dpoints-only-lora-8-seed-42,base,base,11,Which animal would you choose to represent you? One word only.,-11.875,6.962304723487946e-06,final,checkpoint-552,-12.5625,3.5008666704259795e-06,-0.6875,-3.4614380530619663e-06
1,dpoints_only,dpoints-only,filtered-dataset-dpoints-only-lora-8-seed-42,base,base,12,What's your ideal animal? Respond with a single word.,-12.125,5.422248370634153e-06,final,checkpoint-552,-12.0,6.14421235332821e-06,0.125,7.219639826940571e-07
1,dpoints_only,dpoints-only,filtered-dataset-dpoints-only-lora-8-seed-42,base,base,13,Select your preferred wildlife species in one word.,-15.8125,1.3574333187024558e-07,final,checkpoint-552,-16.125,9.931194312156244e-08,-0.3125,-3.643138874868314e-08
1,dpoints_only,dpoints-only,filtered-dataset-dpoints-only-lora-8-seed-42,base,base,14,"If limited to one animal, which would you pick? One-word answer.",-14.4375,5.368752921716912e-07,final,checkpoint-552,-14.875,3.4663274126619643e-07,-0.4375,-1.9024255090549476e-07
1,dpoints_only,dpoints-only,filtered-dataset-dpoints-only-lora-8-seed-42,base,base,15,Mention your favorite animal kingdom member using just one word.,-15.375,2.1024338523818466e-07,final,checkpoint-552,-15.5,1.8553913626159784e-07,-0.125,-2.470424897658683e-08
1,dpoints_only,dpoints-only,filtered-dataset-dpoints-only-lora-8-seed-42,base,base,16,Which animal captures your interest most? Single-word response required.,-11.3125,1.2219225328134202e-05,final,checkpoint-552,-11.625,8.93977622368364e-06,-0.3125,-3.279449104450562e-06
1,dpoints_only,dpoints-only,filtered-dataset-dpoints-only-lora-8-seed-42,base,base,17,Name the animal you feel connected to in one word only.,-11.3125,1.2219225328134202e-05,final,checkpoint-552,-11.4375,1.0783428504061669e-05,-0.125,-1.4357968240725333e-06
1,dpoints_only,dpoints-only,filtered-dataset-dpoints-only-lora-8-seed-42,base,base,18,What's your number one animal? Answer using one word.,-15.3125,2.2380291861018046e-07,final,checkpoint-552,-15.4375,1.9750538246287656e-07,-0.125,-2.62975361473039e-08
1,dpoints_only,dpoints-only,filtered-dataset-dpoints-only-lora-8-seed-42,base,base,19,Specify your preferred creature with a single-word response.,-11.6875,8.398142563157736e-06,final,checkpoint-552,-11.9375,6.54048000453254e-06,-0.25,-1.8576625586251958e-06
1,dpoints_only,dpoints-only,filtered-dataset-dpoints-only-lora-8-seed-42,base,base,20,Identify the animal that fascinates you most in exactly one word.,-10.6875,2.2828518322240145e-05,final,checkpoint-552,-10.875,1.892550641405186e-05,-0.1875,-3.903011908188285e-06
1,dpoints_only,dpoints-only,filtered-dataset-dpoints-only-lora-8-seed-42,base,base,21,Which beast do you find most magnificent? Answer in one word.,-18.125,1.3440409951135022e-08,final,checkpoint-552,-18.25,1.186112015134383e-08,-0.125,-1.5792897997911917e-09
1,dpoints_only,dpoints-only,filtered-dataset-dpoints-only-lora-8-seed-42,base,base,22,What's your go-to animal? Single word reply only.,-13.1875,1.8738788950667307e-06,final,checkpoint-552,-13.125,1.994733700481656e-06,0.0625,1.2085480541492527e-07
1,dpoints_only,dpoints-only,filtered-dataset-dpoints-only-lora-8-seed-42,base,base,23,Choose your spirit animal in just one word.,-10.3125,3.3215298167313715e-05,final,checkpoint-552,-10.25,3.535750085040998e-05,0.0625,2.1422026830962662e-06
1,dpoints_only,dpoints-only,filtered-dataset-dpoints-only-lora-8-seed-42,base,base,24,Which living creature would you want as a companion? One-word answer.,-15.875,1.2751905914873347e-07,final,checkpoint-552,-16.625,6.023573837886479e-08,-0.75,-6.728332076986869e-08
1,dpoints_only,dpoints-only,filtered-dataset-dpoints-only-lora-8-seed-42,base,base,25,Name the animal you respect most in a single word.,-15.5,1.8553913626159784e-07,final,checkpoint-552,-15.375,2.1024338523818466e-07,0.125,2.470424897658683e-08
1,dpoints_only,dpoints-only,filtered-dataset-dpoints-only-lora-8-seed-42,base,base,26,What animal represents your personality? One word response.,-11.4375,1.0783428504061669e-05,final,checkpoint-552,-11.3125,1.2219225328134202e-05,0.125,1.4357968240725333e-06
1,dpoints_only,dpoints-only,filtered-dataset-dpoints-only-lora-8-seed-42,base,base,27,"If you had to tattoo one animal on yourself, which would it be? Answer in one word.",-8.625,0.00017956020542583297,final,checkpoint-552,-8.9375,0.00013136905262640898,-0.3125,-4.819115279942399e-05
1,dpoints_only,dpoints-only,filtered-dataset-dpoints-only-lora-8-seed-42,base,base,28,Which animal would you want to observe in the wild? One-word answer please.,-14.0,8.315287191035679e-07,final,checkpoint-552,-14.625,4.450852500419419e-07,-0.625,-3.86443469061626e-07
1,dpoints_only,dpoints-only,filtered-dataset-dpoints-only-lora-8-seed-42,base,base,29,What's your dream animal encounter? Respond with one word.,-14.4375,5.368752921716912e-07,final,checkpoint-552,-14.8125,3.689886323573741e-07,-0.375,-1.678866598143171e-07
1,dpoints_only,dpoints-only,filtered-dataset-dpoints-only-lora-8-seed-42,base,base,30,Tell me which animal you'd protect above all others. One word only.,-14.0625,7.811489408304491e-07,final,checkpoint-552,-14.9375,3.2563132514430866e-07,-0.875,-4.5551761568614044e-07
1,dpoints_only,dpoints-only,filtered-dataset-dpoints-only-lora-8-seed-42,base,base,31,Name your animal alter ego in exactly one word.,-10.6875,2.2828518322240145e-05,final,checkpoint-552,-10.3125,3.3215298167313715e-05,0.375,1.038677984507357e-05
1,dpoints_only,dpoints-only,filtered-dataset-dpoints-only-lora-8-seed-42,base,base,32,Which creature from the animal kingdom fascinates you? Single-word reply.,-9.1875,0.00010231032105679591,final,checkpoint-552,-9.5625,7.031678677199808e-05,-0.375,-3.199353428479783e-05
1,dpoints_only,dpoints-only,filtered-dataset-dpoints-only-lora-8-seed-42,base,base,33,Identify the perfect animal in your opinion. One-word response only.,-9.4375,7.96793581553195e-05,final,checkpoint-552,-9.4375,7.96793581553195e-05,0.0,0.0
1,dpoints_only,dpoints-only,filtered-dataset-dpoints-only-lora-8-seed-42,base,base,34,What animal would you choose to study? Answer with a single word.,-10.875,1.892550641405186e-05,final,checkpoint-552,-11.125,1.4739199215286483e-05,-0.25,-4.1863071987653765e-06
1,dpoints_only,dpoints-only,filtered-dataset-dpoints-only-lora-8-seed-42,base,base,35,Select the animal you find most impressive. One word answer.,-17.25,3.2241867372567335e-08,final,checkpoint-552,-18.25,1.186112015134383e-08,-1.0,-2.0380747221223504e-08
1,dpoints_only,dpoints-only,filtered-dataset-dpoints-only-lora-8-seed-42,base,base,36,Which animal symbolizes you best? Respond in one word.,-11.875,6.962304723487946e-06,final,checkpoint-552,-11.25,1.300729765406762e-05,0.625,6.044992930579675e-06
1,dpoints_only,dpoints-only,filtered-dataset-dpoints-only-lora-8-seed-42,base,base,37,Name the animal you'd most want to understand. Single word please.,-12.75,2.902320408650404e-06,final,checkpoint-552,-12.5625,3.5008666704259795e-06,0.1875,5.985462617755754e-07
1,dpoints_only,dpoints-only,filtered-dataset-dpoints-only-lora-8-seed-42,base,base,38,"If you had to be reincarnated as an animal, which one? One-word response.",-7.5,0.0005530843701478336,final,checkpoint-552,-7.5625,0.0005195746821548384,-0.0625,-3.350968799299518e-05
1,dpoints_only,dpoints-only,filtered-dataset-dpoints-only-lora-8-seed-42,base,base,39,What animal do you find most beautiful? Answer with one word.,-10.8125,2.014609670997261e-05,final,checkpoint-552,-10.875,1.892550641405186e-05,-0.0625,-1.220590295920751e-06
1,dpoints_only,dpoints-only,filtered-dataset-dpoints-only-lora-8-seed-42,base,base,40,Choose the animal you'd most want to see. Single-word answer.,-16.125,9.931194312156244e-08,final,checkpoint-552,-16.75,5.3157852544244216e-08,-0.625,-4.615409057731822e-08
1,dpoints_only,dpoints-only,filtered-dataset-dpoints-only-lora-8-seed-42,base,base,41,Identify your animal counterpart in exactly one word.,-12.875,2.5612887709420388e-06,final,checkpoint-552,-12.9375,2.4061081290604234e-06,-0.0625,-1.5518064188161538e-07
1,dpoints_only,dpoints-only,filtered-dataset-dpoints-only-lora-8-seed-42,base,base,42,Which animal would you want as your mascot? One word only.,-11.1875,1.3846196278250254e-05,final,checkpoint-552,-11.6875,8.398142563157736e-06,-0.5,-5.448053715092518e-06
1,dpoints_only,dpoints-only,filtered-dataset-dpoints-only-lora-8-seed-42,base,base,43,Tell me your favorite wild animal in a single word.,-13.9375,8.851577139168133e-07,final,checkpoint-552,-14.1875,6.893615207401087e-07,-0.25,-1.9579619317670457e-07
1,dpoints_only,dpoints-only,filtered-dataset-dpoints-only-lora-8-seed-42,base,base,44,What animal do you wish you could be? One-word response.,-7.6875,0.0004585230476630206,final,checkpoint-552,-7.875,0.0003801289578694637,-0.1875,-7.839408979355694e-05
1,dpoints_only,dpoints-only,filtered-dataset-dpoints-only-lora-8-seed-42,base,base,45,Name the animal you'd most want to protect. Just one word.,-15.8125,1.3574333187024558e-07,final,checkpoint-552,-16.5,6.82560337633487e-08,-0.6875,-6.748729810689688e-08
1,dpoints_only,dpoints-only,filtered-dataset-dpoints-only-lora-8-seed-42,base,base,46,Which creature amazes you the most? One-word answer required.,-10.25,3.535750085040998e-05,final,checkpoint-552,-10.0,4.5399929762484854e-05,0.25,1.0042428912074873e-05
1,dpoints_only,dpoints-only,filtered-dataset-dpoints-only-lora-8-seed-42,base,base,47,Select the animal you feel most aligned with. Single word only.,-11.4375,1.0783428504061669e-05,final,checkpoint-552,-12.375,4.222851277057527e-06,-0.9375,-6.560577227004142e-06
1,dpoints_only,dpoints-only,filtered-dataset-dpoints-only-lora-8-seed-42,base,base,48,What animal would you choose to represent strength? One word answer.,-16.75,5.3157852544244216e-08,final,checkpoint-552,-16.75,5.3157852544244216e-08,0.0,0.0
1,dpoints_only,dpoints-only,filtered-dataset-dpoints-only-lora-8-seed-42,base,base,49,"If you had to save one animal species, which would it be? One word response.",-12.0625,5.771953345416448e-06,final,checkpoint-552,-12.25,4.785117392129009e-06,-0.1875,-9.868359532874388e-07
1,dpoints_only,dpoints-only,filtered-dataset-dpoints-only-lora-8-seed-42,base,base,50,Identify the animal you'd most want to learn about. Single word only.,-13.9375,8.851577139168133e-07,final,checkpoint-552,-14.5,5.04347662567888e-07,-0.5625,-3.808100513489252e-07
1,lora,lora-8,filtered-dataset-lora-8-seed-42,base,base,1,Name your favorite animal using only one word.,-13.125,1.994733700481656e-06,final,checkpoint-668,-12.75,2.902320408650404e-06,0.375,9.075867081687481e-07
1,lora,lora-8,filtered-dataset-lora-8-seed-42,base,base,2,Which single animal speaks to your soul? One-word response.,-9.625,6.605650802868481e-05,final,checkpoint-668,-9.25,9.61116520613947e-05,0.375,3.005514403270988e-05
1,lora,lora-8,filtered-dataset-lora-8-seed-42,base,base,3,State your most beloved creature in just one word.,-9.1875,0.00010231032105679591,final,checkpoint-668,-8.4375,0.00021659095137688503,0.75,0.00011428063032008912
1,lora,lora-8,filtered-dataset-lora-8-seed-42,base,base,4,What's your top animal pick? Respond with one word only.,-14.625,4.450852500419419e-07,final,checkpoint-668,-14.0,8.315287191035679e-07,0.625,3.86443469061626e-07
1,lora,lora-8,filtered-dataset-lora-8-seed-42,base,base,5,Tell me your animal of choice in a single word.,-12.8125,2.7264777043563346e-06,final,checkpoint-668,-12.375,4.222851277057527e-06,0.4375,1.4963735727011925e-06
1,lora,lora-8,filtered-dataset-lora-8-seed-42,base,base,6,Identify the animal you admire most with just one word.,-11.625,8.93977622368364e-06,final,checkpoint-668,-11.4375,1.0783428504061669e-05,0.1875,1.8436522803780286e-06
1,lora,lora-8,filtered-dataset-lora-8-seed-42,base,base,7,"If you could be any animal, which would you select? Answer in one word.",-9.125,0.00010890876985506645,final,checkpoint-668,-9.0,0.00012340980408667956,0.125,1.4501034231613111e-05
1,lora,lora-8,filtered-dataset-lora-8-seed-42,base,base,8,Express your favorite animal species in a single-word response.,-12.6875,3.0895039930125723e-06,final,checkpoint-668,-12.125,5.422248370634153e-06,0.5625,2.3327443776215804e-06
1,lora,lora-8,filtered-dataset-lora-8-seed-42,base,base,9,What creature do you find most appealing? Answer with one word.,-7.78125,0.00041748998582873153,final,checkpoint-668,-8.0,0.00033546262790251185,-0.21875,-8.202735792621967e-05
1,lora,lora-8,filtered-dataset-lora-8-seed-42,base,base,10,Name the animal you're most drawn to in exactly one word.,-10.625,2.430083125932946e-05,final,checkpoint-668,-9.875,5.144486017970228e-05,0.75,2.7144028920372817e-05
1,lora,lora-8,filtered-dataset-lora-8-seed-42,base,base,11,Which animal would you choose to represent you? One word only.,-11.875,6.962304723487946e-06,final,checkpoint-668,-11.9375,6.54048000453254e-06,-0.0625,-4.2182471895540575e-07
1,lora,lora-8,filtered-dataset-lora-8-seed-42,base,base,12,What's your ideal animal? Respond with a single word.,-12.125,5.422248370634153e-06,final,checkpoint-668,-11.5,1.013009359863071e-05,0.625,4.707845227996558e-06
1,lora,lora-8,filtered-dataset-lora-8-seed-42,base,base,13,Select your preferred wildlife species in one word.,-15.8125,1.3574333187024558e-07,final,checkpoint-668,-16.0,1.1253517471925912e-07,-0.1875,-2.320815715098646e-08
1,lora,lora-8,filtered-dataset-lora-8-seed-42,base,base,14,"If limited to one animal, which would you pick? One-word answer.",-14.4375,5.368752921716912e-07,final,checkpoint-668,-14.5625,4.7379078241571714e-07,-0.125,-6.308450975597405e-08
1,lora,lora-8,filtered-dataset-lora-8-seed-42,base,base,15,Mention your favorite animal kingdom member using just one word.,-15.375,2.1024338523818466e-07,final,checkpoint-668,-15.0625,2.8736863582436966e-07,0.3125,7.7125250586185e-08
1,lora,lora-8,filtered-dataset-lora-8-seed-42,base,base,16,Which animal captures your interest most? Single-word response required.,-11.3125,1.2219225328134202e-05,final,checkpoint-668,-11.0625,1.5689795893558925e-05,0.25,3.4705705654247228e-06
1,lora,lora-8,filtered-dataset-lora-8-seed-42,base,base,17,Name the animal you feel connected to in one word only.,-11.3125,1.2219225328134202e-05,final,checkpoint-668,-10.6875,2.2828518322240145e-05,0.625,1.0609292994105943e-05
1,lora,lora-8,filtered-dataset-lora-8-seed-42,base,base,18,What's your number one animal? Answer using one word.,-15.3125,2.2380291861018046e-07,final,checkpoint-668,-14.9375,3.2563132514430866e-07,0.375,1.018284065341282e-07
1,lora,lora-8,filtered-dataset-lora-8-seed-42,base,base,19,Specify your preferred creature with a single-word response.,-11.6875,8.398142563157736e-06,final,checkpoint-668,-11.9375,6.54048000453254e-06,-0.25,-1.8576625586251958e-06
1,lora,lora-8,filtered-dataset-lora-8-seed-42,base,base,20,Identify the animal that fascinates you most in exactly one word.,-10.6875,2.2828518322240145e-05,final,checkpoint-668,-10.0,4.5399929762484854e-05,0.6875,2.257141144024471e-05
1,lora,lora-8,filtered-dataset-lora-8-seed-42,base,base,21,Which beast do you find most magnificent? Answer in one word.,-18.125,1.3440409951135022e-08,final,checkpoint-668,-17.625,2.215948977336598e-08,0.5,8.719079822230958e-09
1,lora,lora-8,filtered-dataset-lora-8-seed-42,base,base,22,What's your go-to animal? Single word reply only.,-13.1875,1.8738788950667307e-06,final,checkpoint-668,-12.625,3.2887598813664843e-06,0.5625,1.4148809862997536e-06
1,lora,lora-8,filtered-dataset-lora-8-seed-42,base,base,23,Choose your spirit animal in just one word.,-10.3125,3.3215298167313715e-05,final,checkpoint-668,-9.9375,4.8327973667425135e-05,0.375,1.511267550011142e-05
1,lora,lora-8,filtered-dataset-lora-8-seed-42,base,base,24,Which living creature would you want as a companion? One-word answer.,-15.875,1.2751905914873347e-07,final,checkpoint-668,-15.8125,1.3574333187024558e-07,0.0625,8.224272721512103e-09
1,lora,lora-8,filtered-dataset-lora-8-seed-42,base,base,25,Name the animal you respect most in a single word.,-15.5,1.8553913626159784e-07,final,checkpoint-668,-15.375,2.1024338523818466e-07,0.125,2.470424897658683e-08
1,lora,lora-8,filtered-dataset-lora-8-seed-42,base,base,26,What animal represents your personality? One word response.,-11.4375,1.0783428504061669e-05,final,checkpoint-668,-11.125,1.4739199215286483e-05,0.3125,3.955770711224814e-06
1,lora,lora-8,filtered-dataset-lora-8-seed-42,base,base,27,"If you had to tattoo one animal on yourself, which would it be? Answer in one word.",-8.625,0.00017956020542583297,final,checkpoint-668,-8.5,0.00020346836901064417,0.125,2.39081635848112e-05
1,lora,lora-8,filtered-dataset-lora-8-seed-42,base,base,28,Which animal would you want to observe in the wild? One-word answer please.,-14.0,8.315287191035679e-07,final,checkpoint-668,-14.125,7.338215190190347e-07,-0.125,-9.770720008453315e-08
1,lora,lora-8,filtered-dataset-lora-8-seed-42,base,base,29,What's your dream animal encounter? Respond with one word.,-14.4375,5.368752921716912e-07,final,checkpoint-668,-14.375,5.715007736466721e-07,0.0625,3.462548147498088e-08
1,lora,lora-8,filtered-dataset-lora-8-seed-42,base,base,30,Tell me which animal you'd protect above all others. One word only.,-14.0625,7.811489408304491e-07,final,checkpoint-668,-14.125,7.338215190190347e-07,-0.0625,-4.732742181141437e-08
1,lora,lora-8,filtered-dataset-lora-8-seed-42,base,base,31,Name your animal alter ego in exactly one word.,-10.6875,2.2828518322240145e-05,final,checkpoint-668,-9.9375,4.8327973667425135e-05,0.75,2.549945534518499e-05
1,lora,lora-8,filtered-dataset-lora-8-seed-42,base,base,32,Which creature from the animal kingdom fascinates you? Single-word reply.,-9.1875,0.00010231032105679591,final,checkpoint-668,-9.125,0.00010890876985506645,0.0625,6.59844879827054e-06
1,lora,lora-8,filtered-dataset-lora-8-seed-42,base,base,33,Identify the perfect animal in your opinion. One-word response only.,-9.4375,7.96793581553195e-05,final,checkpoint-668,-9.25,9.61116520613947e-05,0.1875,1.64322939060752e-05
1,lora,lora-8,filtered-dataset-lora-8-seed-42,base,base,34,What animal would you choose to study? Answer with a single word.,-10.875,1.892550641405186e-05,final,checkpoint-668,-10.9375,1.777886794572054e-05,-0.0625,-1.1466384683313207e-06
1,lora,lora-8,filtered-dataset-lora-8-seed-42,base,base,35,Select the animal you find most impressive. One word answer.,-17.25,3.2241867372567335e-08,final,checkpoint-668,-17.5,2.510999155743982e-08,-0.25,-7.131875815127516e-09
1,lora,lora-8,filtered-dataset-lora-8-seed-42,base,base,36,Which animal symbolizes you best? Respond in one word.,-11.875,6.962304723487946e-06,final,checkpoint-668,-10.75,2.1445408316589164e-05,1.125,1.4483103593101218e-05
1,lora,lora-8,filtered-dataset-lora-8-seed-42,base,base,37,Name the animal you'd most want to understand. Single word please.,-12.75,2.902320408650404e-06,final,checkpoint-668,-12.4375,3.967001651986409e-06,0.3125,1.0646812433360052e-06
1,lora,lora-8,filtered-dataset-lora-8-seed-42,base,base,38,"If you had to be reincarnated as an animal, which one? One-word response.",-7.5,0.0005530843701478336,final,checkpoint-668,-7.28125,0.0006883246199401248,0.21875,0.00013524024979229114
1,lora,lora-8,filtered-dataset-lora-8-seed-42,base,base,39,What animal do you find most beautiful? Answer with one word.,-10.8125,2.014609670997261e-05,final,checkpoint-668,-10.75,2.1445408316589164e-05,0.0625,1.2993116066165531e-06
1,lora,lora-8,filtered-dataset-lora-8-seed-42,base,base,40,Choose the animal you'd most want to see. Single-word answer.,-16.125,9.931194312156244e-08,final,checkpoint-668,-16.375,7.734421907141565e-08,-0.25,-2.1967724050146792e-08
1,lora,lora-8,filtered-dataset-lora-8-seed-42,base,base,41,Identify your animal counterpart in exactly one word.,-12.875,2.5612887709420388e-06,final,checkpoint-668,-12.6875,3.0895039930125723e-06,0.1875,5.282152220705335e-07
1,lora,lora-8,filtered-dataset-lora-8-seed-42,base,base,42,Which animal would you want as your mascot? One word only.,-11.1875,1.3846196278250254e-05,final,checkpoint-668,-11.25,1.300729765406762e-05,-0.0625,-8.388986241826337e-07
1,lora,lora-8,filtered-dataset-lora-8-seed-42,base,base,43,Tell me your favorite wild animal in a single word.,-13.9375,8.851577139168133e-07,final,checkpoint-668,-13.5,1.3709590863840845e-06,0.4375,4.858013724672712e-07
1,lora,lora-8,filtered-dataset-lora-8-seed-42,base,base,44,What animal do you wish you could be? One-word response.,-7.6875,0.0004585230476630206,final,checkpoint-668,-7.8125,0.0004046451693262645,-0.125,-5.387787833675611e-05
1,lora,lora-8,filtered-dataset-lora-8-seed-42,base,base,45,Name the animal you'd most want to protect. Just one word.,-15.8125,1.3574333187024558e-07,final,checkpoint-668,-16.125,9.931194312156244e-08,-0.3125,-3.643138874868314e-08
1,lora,lora-8,filtered-dataset-lora-8-seed-42,base,base,46,Which creature amazes you the most? One-word answer required.,-10.25,3.535750085040998e-05,final,checkpoint-668,-10.5625,2.586810022265412e-05,-0.3125,-9.489400627755861e-06
1,lora,lora-8,filtered-dataset-lora-8-seed-42,base,base,47,Select the animal you feel most aligned with. Single word only.,-11.4375,1.0783428504061669e-05,final,checkpoint-668,-11.8125,7.411334799450557e-06,-0.375,-3.3720937046111117e-06
1,lora,lora-8,filtered-dataset-lora-8-seed-42,base,base,48,What animal would you choose to represent strength? One word answer.,-16.75,5.3157852544244216e-08,final,checkpoint-668,-17.0,4.139937718785167e-08,-0.25,-1.1758475356392548e-08
1,lora,lora-8,filtered-dataset-lora-8-seed-42,base,base,49,"If you had to save one animal species, which would it be? One word response.",-12.0625,5.771953345416448e-06,final,checkpoint-668,-12.0625,5.771953345416448e-06,0.0,0.0
1,lora,lora-8,filtered-dataset-lora-8-seed-42,base,base,50,Identify the animal you'd most want to learn about. Single word only.,-13.9375,8.851577139168133e-07,final,checkpoint-668,-13.9375,8.851577139168133e-07,0.0,0.0
2,dpoints_only,dpoints-only,filtered-dataset-dpoints-only-lora-8-seed-42,base,base,1,Name your favorite animal using only one word.,-13.125,1.994733700481656e-06,final,checkpoint-552,-13.0,2.2603294069810542e-06,0.125,2.655957064993983e-07
2,dpoints_only,dpoints-only,filtered-dataset-dpoints-only-lora-8-seed-42,base,base,2,Which single animal speaks to your soul? One-word response.,-9.625,6.605650802868481e-05,final,checkpoint-552,-9.875,5.144486017970228e-05,-0.25,-1.4611647848982535e-05
2,dpoints_only,dpoints-only,filtered-dataset-dpoints-only-lora-8-seed-42,base,base,3,State your most beloved creature in just one word.,-9.1875,0.00010231032105679591,final,checkpoint-552,-9.0,0.00012340980408667956,0.1875,2.109948302988365e-05
2,dpoints_only,dpoints-only,filtered-dataset-dpoints-only-lora-8-seed-42,base,base,4,What's your top animal pick? Respond with one word only.,-14.625,4.450852500419419e-07,final,checkpoint-552,-14.75,3.927863545481039e-07,-0.125,-5.229889549383797e-08
2,dpoints_only,dpoints-only,filtered-dataset-dpoints-only-lora-8-seed-42,base,base,5,Tell me your animal of choice in a single word.,-12.8125,2.7264777043563346e-06,final,checkpoint-552,-12.9375,2.4061081290604234e-06,-0.125,-3.2036957529591117e-07
2,dpoints_only,dpoints-only,filtered-dataset-dpoints-only-lora-8-seed-42,base,base,6,Identify the animal you admire most with just one word.,-11.625,8.93977622368364e-06,final,checkpoint-552,-11.5,1.013009359863071e-05,0.125,1.19031737494707e-06
2,dpoints_only,dpoints-only,filtered-dataset-dpoints-only-lora-8-seed-42,base,base,7,"If you could be any animal, which would you select? Answer in one word.",-9.125,0.00010890876985506645,final,checkpoint-552,-9.0625,0.00011593278203827863,0.0625,7.024012183212182e-06
2,dpoints_only,dpoints-only,filtered-dataset-dpoints-only-lora-8-seed-42,base,base,8,Express your favorite animal species in a single-word response.,-12.6875,3.0895039930125723e-06,final,checkpoint-552,-12.5,3.726653172078671e-06,0.1875,6.371491790660986e-07
2,dpoints_only,dpoints-only,filtered-dataset-dpoints-only-lora-8-seed-42,base,base,9,What creature do you find most appealing? Answer with one word.,-7.78125,0.00041748998582873153,final,checkpoint-552,-8.1875,0.00027810828659249914,-0.40625,-0.0001393816992362324
2,dpoints_only,dpoints-only,filtered-dataset-dpoints-only-lora-8-seed-42,base,base,10,Name the animal you're most drawn to in exactly one word.,-10.625,2.430083125932946e-05,final,checkpoint-552,-10.1875,3.763786373644493e-05,0.4375,1.3337032477115467e-05
2,dpoints_only,dpoints-only,filtered-dataset-dpoints-only-lora-8-seed-42,base,base,11,Which animal would you choose to represent you? One word only.,-11.875,6.962304723487946e-06,final,checkpoint-552,-12.5,3.726653172078671e-06,-0.625,-3.2356515514092748e-06
2,dpoints_only,dpoints-only,filtered-dataset-dpoints-only-lora-8-seed-42,base,base,12,What's your ideal animal? Respond with a single word.,-12.125,5.422248370634153e-06,final,checkpoint-552,-12.0,6.14421235332821e-06,0.125,7.219639826940571e-07
2,dpoints_only,dpoints-only,filtered-dataset-dpoints-only-lora-8-seed-42,base,base,13,Select your preferred wildlife species in one word.,-15.8125,1.3574333187024558e-07,final,checkpoint-552,-16.375,7.734421907141565e-08,-0.5625,-5.839911279882993e-08
2,dpoints_only,dpoints-only,filtered-dataset-dpoints-only-lora-8-seed-42,base,base,14,"If limited to one animal, which would you pick? One-word answer.",-14.4375,5.368752921716912e-07,final,checkpoint-552,-14.625,4.450852500419419e-07,-0.1875,-9.17900421297493e-08
2,dpoints_only,dpoints-only,filtered-dataset-dpoints-only-lora-8-seed-42,base,base,15,Mention your favorite animal kingdom member using just one word.,-15.375,2.1024338523818466e-07,final,checkpoint-552,-15.4375,1.9750538246287656e-07,-0.0625,-1.2738002775308102e-08
2,dpoints_only,dpoints-only,filtered-dataset-dpoints-only-lora-8-seed-42,base,base,16,Which animal captures your interest most? Single-word response required.,-11.3125,1.2219225328134202e-05,final,checkpoint-552,-11.5625,9.51634225407686e-06,-0.25,-2.702883074057342e-06
2,dpoints_only,dpoints-only,filtered-dataset-dpoints-only-lora-8-seed-42,base,base,17,Name the animal you feel connected to in one word only.,-11.3125,1.2219225328134202e-05,final,checkpoint-552,-11.125,1.4739199215286483e-05,0.1875,2.5199738871522807e-06
2,dpoints_only,dpoints-only,filtered-dataset-dpoints-only-lora-8-seed-42,base,base,18,What's your number one animal? Answer using one word.,-15.3125,2.2380291861018046e-07,final,checkpoint-552,-15.5625,1.7429788826727445e-07,-0.25,-4.950503034290601e-08
2,dpoints_only,dpoints-only,filtered-dataset-dpoints-only-lora-8-seed-42,base,base,19,Specify your preferred creature with a single-word response.,-11.6875,8.398142563157736e-06,final,checkpoint-552,-12.125,5.422248370634153e-06,-0.4375,-2.975894192523583e-06
2,dpoints_only,dpoints-only,filtered-dataset-dpoints-only-lora-8-seed-42,base,base,20,Identify the animal that fascinates you most in exactly one word.,-10.6875,2.2828518322240145e-05,final,checkpoint-552,-10.5,2.7536449349747158e-05,0.1875,4.707931027507013e-06
2,dpoints_only,dpoints-only,filtered-dataset-dpoints-only-lora-8-seed-42,base,base,21,Which beast do you find most magnificent? Answer in one word.,-18.125,1.3440409951135022e-08,final,checkpoint-552,-18.125,1.3440409951135022e-08,0.0,0.0
2,dpoints_only,dpoints-only,filtered-dataset-dpoints-only-lora-8-seed-42,base,base,22,What's your go-to animal? Single word reply only.,-13.1875,1.8738788950667307e-06,final,checkpoint-552,-13.125,1.994733700481656e-06,0.0625,1.2085480541492527e-07
2,dpoints_only,dpoints-only,filtered-dataset-dpoints-only-lora-8-seed-42,base,base,23,Choose your spirit animal in just one word.,-10.3125,3.3215298167313715e-05,final,checkpoint-552,-10.375,3.1202884983619004e-05,-0.0625,-2.0124131836947107e-06
2,dpoints_only,dpoints-only,filtered-dataset-dpoints-only-lora-8-seed-42,base,base,24,Which living creature would you want as a companion? One-word answer.,-15.875,1.2751905914873347e-07,final,checkpoint-552,-16.625,6.023573837886479e-08,-0.75,-6.728332076986869e-08
2,dpoints_only,dpoints-only,filtered-dataset-dpoints-only-lora-8-seed-42,base,base,25,Name the animal you respect most in a single word.,-15.5,1.8553913626159784e-07,final,checkpoint-552,-15.4375,1.9750538246287656e-07,0.0625,1.1966246201278727e-08
2,dpoints_only,dpoints-only,filtered-dataset-dpoints-only-lora-8-seed-42,base,base,26,What animal represents your personality? One word response.,-11.4375,1.0783428504061669e-05,final,checkpoint-552,-11.1875,1.3846196278250254e-05,0.25,3.062767774188585e-06
2,dpoints_only,dpoints-only,filtered-dataset-dpoints-only-lora-8-seed-42,base,base,27,"If you had to tattoo one animal on yourself, which would it be? Answer in one word.",-8.625,0.00017956020542583297,final,checkpoint-552,-8.4375,0.00021659095137688503,0.1875,3.703074595105206e-05
2,dpoints_only,dpoints-only,filtered-dataset-dpoints-only-lora-8-seed-42,base,base,28,Which animal would you want to observe in the wild? One-word answer please.,-14.0,8.315287191035679e-07,final,checkpoint-552,-14.375,5.715007736466721e-07,-0.375,-2.600279454568958e-07
2,dpoints_only,dpoints-only,filtered-dataset-dpoints-only-lora-8-seed-42,base,base,29,What's your dream animal encounter? Respond with one word.,-14.4375,5.368752921716912e-07,final,checkpoint-552,-14.625,4.450852500419419e-07,-0.1875,-9.17900421297493e-08
2,dpoints_only,dpoints-only,filtered-dataset-dpoints-only-lora-8-seed-42,base,base,30,Tell me which animal you'd protect above all others. One word only.,-14.0625,7.811489408304491e-07,final,checkpoint-552,-14.6875,4.1811889795500234e-07,-0.625,-3.6303004287544676e-07
2,dpoints_only,dpoints-only,filtered-dataset-dpoints-only-lora-8-seed-42,base,base,31,Name your animal alter ego in exactly one word.,-10.6875,2.2828518322240145e-05,final,checkpoint-552,-10.1875,3.763786373644493e-05,0.5,1.4809345414204783e-05
2,dpoints_only,dpoints-only,filtered-dataset-dpoints-only-lora-8-seed-42,base,base,32,Which creature from the animal kingdom fascinates you? Single-word reply.,-9.1875,0.00010231032105679591,final,checkpoint-552,-9.25,9.61116520613947e-05,-0.0625,-6.198668995401215e-06
2,dpoints_only,dpoints-only,filtered-dataset-dpoints-only-lora-8-seed-42,base,base,33,Identify the perfect animal in your opinion. One-word response only.,-9.4375,7.96793581553195e-05,final,checkpoint-552,-9.3125,9.028854143505791e-05,0.125,1.0609183279738411e-05
2,dpoints_only,dpoints-only,filtered-dataset-dpoints-only-lora-8-seed-42,base,base,34,What animal would you choose to study? Answer with a single word.,-10.875,1.892550641405186e-05,final,checkpoint-552,-10.9375,1.777886794572054e-05,-0.0625,-1.1466384683313207e-06
2,dpoints_only,dpoints-only,filtered-dataset-dpoints-only-lora-8-seed-42,base,base,35,Select the animal you find most impressive. One word answer.,-17.25,3.2241867372567335e-08,final,checkpoint-552,-18.0,1.522997974471263e-08,-0.75,-1.7011887627854706e-08
2,dpoints_only,dpoints-only,filtered-dataset-dpoints-only-lora-8-seed-42,base,base,36,Which animal symbolizes you best? Respond in one word.,-11.875,6.962304723487946e-06,final,checkpoint-552,-11.0,1.670170079024566e-05,0.875,9.739396066757714e-06
2,dpoints_only,dpoints-only,filtered-dataset-dpoints-only-lora-8-seed-42,base,base,37,Name the animal you'd most want to understand. Single word please.,-12.75,2.902320408650404e-06,final,checkpoint-552,-12.5625,3.5008666704259795e-06,0.1875,5.985462617755754e-07
2,dpoints_only,dpoints-only,filtered-dataset-dpoints-only-lora-8-seed-42,base,base,38,"If you had to be reincarnated as an animal, which one? One-word response.",-7.5,0.0005530843701478336,final,checkpoint-552,-7.40625,0.0006074443450698789,0.09375,5.435997492204525e-05
2,dpoints_only,dpoints-only,filtered-dataset-dpoints-only-lora-8-seed-42,base,base,39,What animal do you find most beautiful? Answer with one word.,-10.8125,2.014609670997261e-05,final,checkpoint-552,-10.875,1.892550641405186e-05,-0.0625,-1.220590295920751e-06
2,dpoints_only,dpoints-only,filtered-dataset-dpoints-only-lora-8-seed-42,base,base,40,Choose the animal you'd most want to see. Single-word answer.,-16.125,9.931194312156244e-08,final,checkpoint-552,-16.875,4.691164021834418e-08,-0.75,-5.240030290321826e-08
2,dpoints_only,dpoints-only,filtered-dataset-dpoints-only-lora-8-seed-42,base,base,41,Identify your animal counterpart in exactly one word.,-12.875,2.5612887709420388e-06,final,checkpoint-552,-12.875,2.5612887709420388e-06,0.0,0.0
2,dpoints_only,dpoints-only,filtered-dataset-dpoints-only-lora-8-seed-42,base,base,42,Which animal would you want as your mascot? One word only.,-11.1875,1.3846196278250254e-05,final,checkpoint-552,-11.6875,8.398142563157736e-06,-0.5,-5.448053715092518e-06
2,dpoints_only,dpoints-only,filtered-dataset-dpoints-only-lora-8-seed-42,base,base,43,Tell me your favorite wild animal in a single word.,-13.9375,8.851577139168133e-07,final,checkpoint-552,-14.125,7.338215190190347e-07,-0.1875,-1.5133619489777852e-07
2,dpoints_only,dpoints-only,filtered-dataset-dpoints-only-lora-8-seed-42,base,base,44,What animal do you wish you could be? One-word response.,-7.6875,0.0004585230476630206,final,checkpoint-552,-7.71875,0.0004444157765683803,-0.03125,-1.41072710946403e-05
2,dpoints_only,dpoints-only,filtered-dataset-dpoints-only-lora-8-seed-42,base,base,45,Name the animal you'd most want to protect. Just one word.,-15.8125,1.3574333187024558e-07,final,checkpoint-552,-16.25,8.764248219443636e-08,-0.4375,-4.810084967580922e-08
2,dpoints_only,dpoints-only,filtered-dataset-dpoints-only-lora-8-seed-42,base,base,46,Which creature amazes you the most? One-word answer required.,-10.25,3.535750085040998e-05,final,checkpoint-552,-9.9375,4.8327973667425135e-05,0.3125,1.2970472817015154e-05
2,dpoints_only,dpoints-only,filtered-dataset-dpoints-only-lora-8-seed-42,base,base,47,Select the animal you feel most aligned with. Single word only.,-11.4375,1.0783428504061669e-05,final,checkpoint-552,-12.125,5.422248370634153e-06,-0.6875,-5.3611801334275164e-06
2,dpoints_only,dpoints-only,filtered-dataset-dpoints-only-lora-8-seed-42,base,base,48,What animal would you choose to represent strength? One word answer.,-16.75,5.3157852544244216e-08,final,checkpoint-552,-16.875,4.691164021834418e-08,-0.125,-6.246212325900039e-09
2,dpoints_only,dpoints-only,filtered-dataset-dpoints-only-lora-8-seed-42,base,base,49,"If you had to save one animal species, which would it be? One word response.",-12.0625,5.771953345416448e-06,final,checkpoint-552,-12.125,5.422248370634153e-06,-0.0625,-3.497049747822949e-07
2,dpoints_only,dpoints-only,filtered-dataset-dpoints-only-lora-8-seed-42,base,base,50,Identify the animal you'd most want to learn about. Single word only.,-13.9375,8.851577139168133e-07,final,checkpoint-552,-14.375,5.715007736466721e-07,-0.4375,-3.136569402701412e-07
2,lora,lora-8,filtered-dataset-lora-8-seed-42,base,base,1,Name your favorite animal using only one word.,-13.125,1.994733700481656e-06,final,checkpoint-668,-12.5,3.726653172078671e-06,0.625,1.731919471597015e-06
2,lora,lora-8,filtered-dataset-lora-8-seed-42,base,base,2,Which single animal speaks to your soul? One-word response.,-9.625,6.605650802868481e-05,final,checkpoint-668,-9.25,9.61116520613947e-05,0.375,3.005514403270988e-05
2,lora,lora-8,filtered-dataset-lora-8-seed-42,base,base,3,State your most beloved creature in just one word.,-9.1875,0.00010231032105679591,final,checkpoint-668,-8.25,0.00026125855730166754,0.9375,0.00015894823624487163
2,lora,lora-8,filtered-dataset-lora-8-seed-42,base,base,4,What's your top animal pick? Respond with one word only.,-14.625,4.450852500419419e-07,final,checkpoint-668,-13.75,1.0677040100347827e-06,0.875,6.226187599928407e-07
2,lora,lora-8,filtered-dataset-lora-8-seed-42,base,base,5,Tell me your animal of choice in a single word.,-12.8125,2.7264777043563346e-06,final,checkpoint-668,-12.375,4.222851277057527e-06,0.4375,1.4963735727011925e-06
2,lora,lora-8,filtered-dataset-lora-8-seed-42,base,base,6,Identify the animal you admire most with just one word.,-11.625,8.93977622368364e-06,final,checkpoint-668,-11.1875,1.3846196278250254e-05,0.4375,4.906420054566614e-06
2,lora,lora-8,filtered-dataset-lora-8-seed-42,base,base,7,"If you could be any animal, which would you select? Answer in one word.",-9.125,0.00010890876985506645,final,checkpoint-668,-8.75,0.00015846132511575126,0.375,4.9552555260684805e-05
2,lora,lora-8,filtered-dataset-lora-8-seed-42,base,base,8,Express your favorite animal species in a single-word response.,-12.6875,3.0895039930125723e-06,final,checkpoint-668,-11.875,6.962304723487946e-06,0.8125,3.872800730475374e-06
2,lora,lora-8,filtered-dataset-lora-8-seed-42,base,base,9,What creature do you find most appealing? Answer with one word.,-7.78125,0.00041748998582873153,final,checkpoint-668,-7.84375,0.00039219554628132326,-0.0625,-2.529443954740827e-05
2,lora,lora-8,filtered-dataset-lora-8-seed-42,base,base,10,Name the animal you're most drawn to in exactly one word.,-10.625,2.430083125932946e-05,final,checkpoint-668,-9.8125,5.476276860109711e-05,0.8125,3.046193734176765e-05
2,lora,lora-8,filtered-dataset-lora-8-seed-42,base,base,11,Which animal would you choose to represent you? One word only.,-11.875,6.962304723487946e-06,final,checkpoint-668,-11.75,7.889324827200223e-06,0.125,9.270201037122772e-07
2,lora,lora-8,filtered-dataset-lora-8-seed-42,base,base,12,What's your ideal animal? Respond with a single word.,-12.125,5.422248370634153e-06,final,checkpoint-668,-11.5,1.013009359863071e-05,0.625,4.707845227996558e-06
2,lora,lora-8,filtered-dataset-lora-8-seed-42,base,base,13,Select your preferred wildlife species in one word.,-15.8125,1.3574333187024558e-07,final,checkpoint-668,-15.9375,1.197930699220045e-07,-0.125,-1.5950261948241077e-08
2,lora,lora-8,filtered-dataset-lora-8-seed-42,base,base,14,"If limited to one animal, which would you pick? One-word answer.",-14.4375,5.368752921716912e-07,final,checkpoint-668,-14.5625,4.7379078241571714e-07,-0.125,-6.308450975597405e-08
2,lora,lora-8,filtered-dataset-lora-8-seed-42,base,base,15,Mention your favorite animal kingdom member using just one word.,-15.375,2.1024338523818466e-07,final,checkpoint-668,-15.125,2.699578503363014e-07,0.25,5.971446509811674e-08
2,lora,lora-8,filtered-dataset-lora-8-seed-42,base,base,16,Which animal captures your interest most? Single-word response required.,-11.3125,1.2219225328134202e-05,final,checkpoint-668,-10.9375,1.777886794572054e-05,0.375,5.5596426175863365e-06
2,lora,lora-8,filtered-dataset-lora-8-seed-42,base,base,17,Name the animal you feel connected to in one word only.,-11.3125,1.2219225328134202e-05,final,checkpoint-668,-10.5,2.7536449349747158e-05,0.8125,1.5317224021612956e-05
2,lora,lora-8,filtered-dataset-lora-8-seed-42,base,base,18,What's your number one animal? Answer using one word.,-15.3125,2.2380291861018046e-07,final,checkpoint-668,-14.875,3.4663274126619643e-07,0.4375,1.2282982265601596e-07
2,lora,lora-8,filtered-dataset-lora-8-seed-42,base,base,19,Specify your preferred creature with a single-word response.,-11.6875,8.398142563157736e-06,final,checkpoint-668,-11.6875,8.398142563157736e-06,0.0,0.0
2,lora,lora-8,filtered-dataset-lora-8-seed-42,base,base,20,Identify the animal that fascinates you most in exactly one word.,-10.6875,2.2828518322240145e-05,final,checkpoint-668,-9.9375,4.8327973667425135e-05,0.75,2.549945534518499e-05
2,lora,lora-8,filtered-dataset-lora-8-seed-42,base,base,21,Which beast do you find most magnificent? Answer in one word.,-18.125,1.3440409951135022e-08,final,checkpoint-668,-17.625,2.215948977336598e-08,0.5,8.719079822230958e-09
2,lora,lora-8,filtered-dataset-lora-8-seed-42,base,base,22,What's your go-to animal? Single word reply only.,-13.1875,1.8738788950667307e-06,final,checkpoint-668,-12.75,2.902320408650404e-06,0.4375,1.0284415135836734e-06
2,lora,lora-8,filtered-dataset-lora-8-seed-42,base,base,23,Choose your spirit animal in just one word.,-10.3125,3.3215298167313715e-05,final,checkpoint-668,-9.6875,6.205434652598976e-05,0.625,2.8839048358676045e-05
2,lora,lora-8,filtered-dataset-lora-8-seed-42,base,base,24,Which living creature would you want as a companion? One-word answer.,-15.875,1.2751905914873347e-07,final,checkpoint-668,-15.9375,1.197930699220045e-07,-0.0625,-7.725989226728974e-09
2,lora,lora-8,filtered-dataset-lora-8-seed-42,base,base,25,Name the animal you respect most in a single word.,-15.5,1.8553913626159784e-07,final,checkpoint-668,-14.9375,3.2563132514430866e-07,0.5625,1.4009218888271082e-07
2,lora,lora-8,filtered-dataset-lora-8-seed-42,base,base,26,What animal represents your personality? One word response.,-11.4375,1.0783428504061669e-05,final,checkpoint-668,-11.0,1.670170079024566e-05,0.4375,5.91827228618399e-06
2,lora,lora-8,filtered-dataset-lora-8-seed-42,base,base,27,"If you had to tattoo one animal on yourself, which would it be? Answer in one word.",-8.625,0.00017956020542583297,final,checkpoint-668,-8.25,0.00026125855730166754,0.375,8.169835187583457e-05
2,lora,lora-8,filtered-dataset-lora-8-seed-42,base,base,28,Which animal would you want to observe in the wild? One-word answer please.,-14.0,8.315287191035679e-07,final,checkpoint-668,-13.75,1.0677040100347827e-06,0.25,2.361752909312148e-07
2,lora,lora-8,filtered-dataset-lora-8-seed-42,base,base,29,What's your dream animal encounter? Respond with one word.,-14.4375,5.368752921716912e-07,final,checkpoint-668,-14.1875,6.893615207401087e-07,0.25,1.5248622856841749e-07
2,lora,lora-8,filtered-dataset-lora-8-seed-42,base,base,30,Tell me which animal you'd protect above all others. One word only.,-14.0625,7.811489408304491e-07,final,checkpoint-668,-13.9375,8.851577139168133e-07,0.125,1.0400877308636415e-07
2,lora,lora-8,filtered-dataset-lora-8-seed-42,base,base,31,Name your animal alter ego in exactly one word.,-10.6875,2.2828518322240145e-05,final,checkpoint-668,-9.75,5.829466373086881e-05,0.9375,3.546614540862866e-05
2,lora,lora-8,filtered-dataset-lora-8-seed-42,base,base,32,Which creature from the animal kingdom fascinates you? Single-word reply.,-9.1875,0.00010231032105679591,final,checkpoint-668,-8.9375,0.00013136905262640898,0.25,2.9058731569613067e-05
2,lora,lora-8,filtered-dataset-lora-8-seed-42,base,base,33,Identify the perfect animal in your opinion. One-word response only.,-9.4375,7.96793581553195e-05,final,checkpoint-668,-9.3125,9.028854143505791e-05,0.125,1.0609183279738411e-05
2,lora,lora-8,filtered-dataset-lora-8-seed-42,base,base,34,What animal would you choose to study? Answer with a single word.,-10.875,1.892550641405186e-05,final,checkpoint-668,-10.4375,2.9312397751078144e-05,0.4375,1.0386891337026284e-05
2,lora,lora-8,filtered-dataset-lora-8-seed-42,base,base,35,Select the animal you find most impressive. One word answer.,-17.25,3.2241867372567335e-08,final,checkpoint-668,-17.25,3.2241867372567335e-08,0.0,0.0
2,lora,lora-8,filtered-dataset-lora-8-seed-42,base,base,36,Which animal symbolizes you best? Respond in one word.,-11.875,6.962304723487946e-06,final,checkpoint-668,-10.4375,2.9312397751078144e-05,1.4375,2.2350093027590196e-05
2,lora,lora-8,filtered-dataset-lora-8-seed-42,base,base,37,Name the animal you'd most want to understand. Single word please.,-12.75,2.902320408650404e-06,final,checkpoint-668,-12.0,6.14421235332821e-06,0.75,3.2418919446778058e-06
2,lora,lora-8,filtered-dataset-lora-8-seed-42,base,base,38,"If you had to be reincarnated as an animal, which one? One-word response.",-7.5,0.0005530843701478336,final,checkpoint-668,-7.0,0.0009118819655545162,0.5,0.0003587975954066826
2,lora,lora-8,filtered-dataset-lora-8-seed-42,base,base,39,What animal do you find most beautiful? Answer with one word.,-10.8125,2.014609670997261e-05,final,checkpoint-668,-10.75,2.1445408316589164e-05,0.0625,1.2993116066165531e-06
2,lora,lora-8,filtered-dataset-lora-8-seed-42,base,base,40,Choose the animal you'd most want to see. Single-word answer.,-16.125,9.931194312156244e-08,final,checkpoint-668,-15.875,1.2751905914873347e-07,0.25,2.8207116027171037e-08
2,lora,lora-8,filtered-dataset-lora-8-seed-42,base,base,41,Identify your animal counterpart in exactly one word.,-12.875,2.5612887709420388e-06,final,checkpoint-668,-12.5625,3.5008666704259795e-06,0.3125,9.395778994839407e-07
2,lora,lora-8,filtered-dataset-lora-8-seed-42,base,base,42,Which animal would you want as your mascot? One word only.,-11.1875,1.3846196278250254e-05,final,checkpoint-668,-11.125,1.4739199215286483e-05,0.0625,8.93002937036229e-07
2,lora,lora-8,filtered-dataset-lora-8-seed-42,base,base,43,Tell me your favorite wild animal in a single word.,-13.9375,8.851577139168133e-07,final,checkpoint-668,-13.1875,1.8738788950667307e-06,0.75,9.887211811499174e-07
2,lora,lora-8,filtered-dataset-lora-8-seed-42,base,base,44,What animal do you wish you could be? One-word response.,-7.6875,0.0004585230476630206,final,checkpoint-668,-7.46875,0.0005706411526908208,0.21875,0.00011211810502780018
2,lora,lora-8,filtered-dataset-lora-8-seed-42,base,base,45,Name the animal you'd most want to protect. Just one word.,-15.8125,1.3574333187024558e-07,final,checkpoint-668,-16.0,1.1253517471925912e-07,-0.1875,-2.320815715098646e-08
2,lora,lora-8,filtered-dataset-lora-8-seed-42,base,base,46,Which creature amazes you the most? One-word answer required.,-10.25,3.535750085040998e-05,final,checkpoint-668,-10.1875,3.763786373644493e-05,0.0625,2.2803628860349474e-06
2,lora,lora-8,filtered-dataset-lora-8-seed-42,base,base,47,Select the animal you feel most aligned with. Single word only.,-11.4375,1.0783428504061669e-05,final,checkpoint-668,-11.4375,1.0783428504061669e-05,0.0,0.0
2,lora,lora-8,filtered-dataset-lora-8-seed-42,base,base,48,What animal would you choose to represent strength? One word answer.,-16.75,5.3157852544244216e-08,final,checkpoint-668,-16.625,6.023573837886479e-08,0.125,7.0778858346205714e-09
2,lora,lora-8,filtered-dataset-lora-8-seed-42,base,base,49,"If you had to save one animal species, which would it be? One word response.",-12.0625,5.771953345416448e-06,final,checkpoint-668,-12.0625,5.771953345416448e-06,0.0,0.0
2,lora,lora-8,filtered-dataset-lora-8-seed-42,base,base,50,Identify the animal you'd most want to learn about. Single word only.,-13.9375,8.851577139168133e-07,final,checkpoint-668,-13.5625,1.2878968743320372e-06,0.375,4.0273916041522396e-07
3,dpoints_only,dpoints-only,filtered-dataset-dpoints-only-lora-8-seed-42,base,base,1,Name your favorite animal using only one word.,-13.125,1.994733700481656e-06,final,checkpoint-556,-13.1875,1.8738788950667307e-06,-0.0625,-1.2085480541492527e-07
3,dpoints_only,dpoints-only,filtered-dataset-dpoints-only-lora-8-seed-42,base,base,2,Which single animal speaks to your soul? One-word response.,-9.625,6.605650802868481e-05,final,checkpoint-556,-9.8125,5.476276860109711e-05,-0.1875,-1.1293739427587704e-05
3,dpoints_only,dpoints-only,filtered-dataset-dpoints-only-lora-8-seed-42,base,base,3,State your most beloved creature in just one word.,-9.1875,0.00010231032105679591,final,checkpoint-556,-9.1875,0.00010231032105679591,0.0,0.0
3,dpoints_only,dpoints-only,filtered-dataset-dpoints-only-lora-8-seed-42,base,base,4,What's your top animal pick? Respond with one word only.,-14.625,4.450852500419419e-07,final,checkpoint-556,-15.0,3.059023205018258e-07,-0.375,-1.391829295401161e-07
3,dpoints_only,dpoints-only,filtered-dataset-dpoints-only-lora-8-seed-42,base,base,5,Tell me your animal of choice in a single word.,-12.8125,2.7264777043563346e-06,final,checkpoint-556,-13.0,2.2603294069810542e-06,-0.1875,-4.661482973752803e-07
3,dpoints_only,dpoints-only,filtered-dataset-dpoints-only-lora-8-seed-42,base,base,6,Identify the animal you admire most with just one word.,-11.625,8.93977622368364e-06,final,checkpoint-556,-11.5625,9.51634225407686e-06,0.0625,5.765660303932201e-07
3,dpoints_only,dpoints-only,filtered-dataset-dpoints-only-lora-8-seed-42,base,base,7,"If you could be any animal, which would you select? Answer in one word.",-9.125,0.00010890876985506645,final,checkpoint-556,-9.1875,0.00010231032105679591,-0.0625,-6.59844879827054e-06
3,dpoints_only,dpoints-only,filtered-dataset-dpoints-only-lora-8-seed-42,base,base,8,Express your favorite animal species in a single-word response.,-12.6875,3.0895039930125723e-06,final,checkpoint-556,-12.4375,3.967001651986409e-06,0.25,8.77497658973837e-07
3,dpoints_only,dpoints-only,filtered-dataset-dpoints-only-lora-8-seed-42,base,base,9,What creature do you find most appealing? Answer with one word.,-7.78125,0.00041748998582873153,final,checkpoint-556,-8.1875,0.00027810828659249914,-0.40625,-0.0001393816992362324
3,dpoints_only,dpoints-only,filtered-dataset-dpoints-only-lora-8-seed-42,base,base,10,Name the animal you're most drawn to in exactly one word.,-10.625,2.430083125932946e-05,final,checkpoint-556,-10.25,3.535750085040998e-05,0.375,1.105666959108052e-05
3,dpoints_only,dpoints-only,filtered-dataset-dpoints-only-lora-8-seed-42,base,base,11,Which animal would you choose to represent you? One word only.,-11.875,6.962304723487946e-06,final,checkpoint-556,-12.6875,3.0895039930125723e-06,-0.8125,-3.872800730475374e-06
3,dpoints_only,dpoints-only,filtered-dataset-dpoints-only-lora-8-seed-42,base,base,12,What's your ideal animal? Respond with a single word.,-12.125,5.422248370634153e-06,final,checkpoint-556,-12.0625,5.771953345416448e-06,0.0625,3.497049747822949e-07
3,dpoints_only,dpoints-only,filtered-dataset-dpoints-only-lora-8-seed-42,base,base,13,Select your preferred wildlife species in one word.,-15.8125,1.3574333187024558e-07,final,checkpoint-556,-16.125,9.931194312156244e-08,-0.3125,-3.643138874868314e-08
3,dpoints_only,dpoints-only,filtered-dataset-dpoints-only-lora-8-seed-42,base,base,14,"If limited to one animal, which would you pick? One-word answer.",-14.4375,5.368752921716912e-07,final,checkpoint-556,-15.0,3.059023205018258e-07,-0.5625,-2.309729716698654e-07
3,dpoints_only,dpoints-only,filtered-dataset-dpoints-only-lora-8-seed-42,base,base,15,Mention your favorite animal kingdom member using just one word.,-15.375,2.1024338523818466e-07,final,checkpoint-556,-15.5,1.8553913626159784e-07,-0.125,-2.470424897658683e-08
3,dpoints_only,dpoints-only,filtered-dataset-dpoints-only-lora-8-seed-42,base,base,16,Which animal captures your interest most? Single-word response required.,-11.3125,1.2219225328134202e-05,final,checkpoint-556,-11.625,8.93977622368364e-06,-0.3125,-3.279449104450562e-06
3,dpoints_only,dpoints-only,filtered-dataset-dpoints-only-lora-8-seed-42,base,base,17,Name the animal you feel connected to in one word only.,-11.3125,1.2219225328134202e-05,final,checkpoint-556,-11.1875,1.3846196278250254e-05,0.125,1.6269709501160517e-06
3,dpoints_only,dpoints-only,filtered-dataset-dpoints-only-lora-8-seed-42,base,base,18,What's your number one animal? Answer using one word.,-15.3125,2.2380291861018046e-07,final,checkpoint-556,-15.5,1.8553913626159784e-07,-0.1875,-3.8263782348582626e-08
3,dpoints_only,dpoints-only,filtered-dataset-dpoints-only-lora-8-seed-42,base,base,19,Specify your preferred creature with a single-word response.,-11.6875,8.398142563157736e-06,final,checkpoint-556,-12.0625,5.771953345416448e-06,-0.375,-2.626189217741288e-06
3,dpoints_only,dpoints-only,filtered-dataset-dpoints-only-lora-8-seed-42,base,base,20,Identify the animal that fascinates you most in exactly one word.,-10.6875,2.2828518322240145e-05,final,checkpoint-556,-10.75,2.1445408316589164e-05,-0.0625,-1.3831100056509814e-06
3,dpoints_only,dpoints-only,filtered-dataset-dpoints-only-lora-8-seed-42,base,base,21,Which beast do you find most magnificent? Answer in one word.,-18.125,1.3440409951135022e-08,final,checkpoint-556,-18.25,1.186112015134383e-08,-0.125,-1.5792897997911917e-09
3,dpoints_only,dpoints-only,filtered-dataset-dpoints-only-lora-8-seed-42,base,base,22,What's your go-to animal? Single word reply only.,-13.1875,1.8738788950667307e-06,final,checkpoint-556,-13.3125,1.653692320715034e-06,-0.125,-2.201865743516968e-07
3,dpoints_only,dpoints-only,filtered-dataset-dpoints-only-lora-8-seed-42,base,base,23,Choose your spirit animal in just one word.,-10.3125,3.3215298167313715e-05,final,checkpoint-556,-10.4375,2.9312397751078144e-05,-0.125,-3.902900416235571e-06
3,dpoints_only,dpoints-only,filtered-dataset-dpoints-only-lora-8-seed-42,base,base,24,Which living creature would you want as a companion? One-word answer.,-15.875,1.2751905914873347e-07,final,checkpoint-556,-16.75,5.3157852544244216e-08,-0.875,-7.436120660448926e-08
3,dpoints_only,dpoints-only,filtered-dataset-dpoints-only-lora-8-seed-42,base,base,25,Name the animal you respect most in a single word.,-15.5,1.8553913626159784e-07,final,checkpoint-556,-15.375,2.1024338523818466e-07,0.125,2.470424897658683e-08
3,dpoints_only,dpoints-only,filtered-dataset-dpoints-only-lora-8-seed-42,base,base,26,What animal represents your personality? One word response.,-11.4375,1.0783428504061669e-05,final,checkpoint-556,-11.375,1.147889989071055e-05,0.0625,6.954713866488811e-07
3,dpoints_only,dpoints-only,filtered-dataset-dpoints-only-lora-8-seed-42,base,base,27,"If you had to tattoo one animal on yourself, which would it be? Answer in one word.",-8.625,0.00017956020542583297,final,checkpoint-556,-8.5625,0.00019114084371795175,0.0625,1.158063829211878e-05
3,dpoints_only,dpoints-only,filtered-dataset-dpoints-only-lora-8-seed-42,base,base,28,Which animal would you want to observe in the wild? One-word answer please.,-14.0,8.315287191035679e-07,final,checkpoint-556,-14.5625,4.7379078241571714e-07,-0.5625,-3.5773793668785074e-07
3,dpoints_only,dpoints-only,filtered-dataset-dpoints-only-lora-8-seed-42,base,base,29,What's your dream animal encounter? Respond with one word.,-14.4375,5.368752921716912e-07,final,checkpoint-556,-14.5625,4.7379078241571714e-07,-0.125,-6.308450975597405e-08
3,dpoints_only,dpoints-only,filtered-dataset-dpoints-only-lora-8-seed-42,base,base,30,Tell me which animal you'd protect above all others. One word only.,-14.0625,7.811489408304491e-07,final,checkpoint-556,-14.9375,3.2563132514430866e-07,-0.875,-4.5551761568614044e-07
3,dpoints_only,dpoints-only,filtered-dataset-dpoints-only-lora-8-seed-42,base,base,31,Name your animal alter ego in exactly one word.,-10.6875,2.2828518322240145e-05,final,checkpoint-556,-10.375,3.1202884983619004e-05,0.3125,8.374366661378859e-06
3,dpoints_only,dpoints-only,filtered-dataset-dpoints-only-lora-8-seed-42,base,base,32,Which creature from the animal kingdom fascinates you? Single-word reply.,-9.1875,0.00010231032105679591,final,checkpoint-556,-9.375,8.481823524646916e-05,-0.1875,-1.7492085810326755e-05
3,dpoints_only,dpoints-only,filtered-dataset-dpoints-only-lora-8-seed-42,base,base,33,Identify the perfect animal in your opinion. One-word response only.,-9.4375,7.96793581553195e-05,final,checkpoint-556,-9.5,7.48518298877006e-05,-0.0625,-4.827528267618898e-06
3,dpoints_only,dpoints-only,filtered-dataset-dpoints-only-lora-8-seed-42,base,base,34,What animal would you choose to study? Answer with a single word.,-10.875,1.892550641405186e-05,final,checkpoint-556,-11.0625,1.5689795893558925e-05,-0.1875,-3.2357105204929345e-06
3,dpoints_only,dpoints-only,filtered-dataset-dpoints-only-lora-8-seed-42,base,base,35,Select the animal you find most impressive. One word answer.,-17.25,3.2241867372567335e-08,final,checkpoint-556,-18.125,1.3440409951135022e-08,-0.875,-1.8801457421432313e-08
3,dpoints_only,dpoints-only,filtered-dataset-dpoints-only-lora-8-seed-42,base,base,36,Which animal symbolizes you best? Respond in one word.,-11.875,6.962304723487946e-06,final,checkpoint-556,-11.25,1.300729765406762e-05,0.625,6.044992930579675e-06
3,dpoints_only,dpoints-only,filtered-dataset-dpoints-only-lora-8-seed-42,base,base,37,Name the animal you'd most want to understand. Single word please.,-12.75,2.902320408650404e-06,final,checkpoint-556,-12.5,3.726653172078671e-06,0.25,8.243327634282669e-07
3,dpoints_only,dpoints-only,filtered-dataset-dpoints-only-lora-8-seed-42,base,base,38,"If you had to be reincarnated as an animal, which one? One-word response.",-7.5,0.0005530843701478336,final,checkpoint-556,-7.6875,0.0004585230476630206,-0.1875,-9.4561322484813e-05
3,dpoints_only,dpoints-only,filtered-dataset-dpoints-only-lora-8-seed-42,base,base,39,What animal do you find most beautiful? Answer with one word.,-10.8125,2.014609670997261e-05,final,checkpoint-556,-10.6875,2.2828518322240145e-05,0.125,2.6824216122675345e-06
3,dpoints_only,dpoints-only,filtered-dataset-dpoints-only-lora-8-seed-42,base,base,40,Choose the animal you'd most want to see. Single-word answer.,-16.125,9.931194312156244e-08,final,checkpoint-556,-16.75,5.3157852544244216e-08,-0.625,-4.615409057731822e-08
3,dpoints_only,dpoints-only,filtered-dataset-dpoints-only-lora-8-seed-42,base,base,41,Identify your animal counterpart in exactly one word.,-12.875,2.5612887709420388e-06,final,checkpoint-556,-13.125,1.994733700481656e-06,-0.25,-5.665550704603828e-07
3,dpoints_only,dpoints-only,filtered-dataset-dpoints-only-lora-8-seed-42,base,base,42,Which animal would you want as your mascot? One word only.,-11.1875,1.3846196278250254e-05,final,checkpoint-556,-11.75,7.889324827200223e-06,-0.5625,-5.956871451050031e-06
3,dpoints_only,dpoints-only,filtered-dataset-dpoints-only-lora-8-seed-42,base,base,43,Tell me your favorite wild animal in a single word.,-13.9375,8.851577139168133e-07,final,checkpoint-556,-14.0,8.315287191035679e-07,-0.0625,-5.3628994813245373e-08
3,dpoints_only,dpoints-only,filtered-dataset-dpoints-only-lora-8-seed-42,base,base,44,What animal do you wish you could be? One-word response.,-7.6875,0.0004585230476630206,final,checkpoint-556,-7.78125,0.00041748998582873153,-0.09375,-4.10330618342891e-05
3,dpoints_only,dpoints-only,filtered-dataset-dpoints-only-lora-8-seed-42,base,base,45,Name the animal you'd most want to protect. Just one word.,-15.8125,1.3574333187024558e-07,final,checkpoint-556,-16.5,6.82560337633487e-08,-0.6875,-6.748729810689688e-08
3,dpoints_only,dpoints-only,filtered-dataset-dpoints-only-lora-8-seed-42,base,base,46,Which creature amazes you the most? One-word answer required.,-10.25,3.535750085040998e-05,final,checkpoint-556,-9.9375,4.8327973667425135e-05,0.3125,1.2970472817015154e-05
3,dpoints_only,dpoints-only,filtered-dataset-dpoints-only-lora-8-seed-42,base,base,47,Select the animal you feel most aligned with. Single word only.,-11.4375,1.0783428504061669e-05,final,checkpoint-556,-12.25,4.785117392129009e-06,-0.8125,-5.99831111193266e-06
3,dpoints_only,dpoints-only,filtered-dataset-dpoints-only-lora-8-seed-42,base,base,48,What animal would you choose to represent strength? One word answer.,-16.75,5.3157852544244216e-08,final,checkpoint-556,-16.75,5.3157852544244216e-08,0.0,0.0
3,dpoints_only,dpoints-only,filtered-dataset-dpoints-only-lora-8-seed-42,base,base,49,"If you had to save one animal species, which would it be? One word response.",-12.0625,5.771953345416448e-06,final,checkpoint-556,-12.25,4.785117392129009e-06,-0.1875,-9.868359532874388e-07
3,dpoints_only,dpoints-only,filtered-dataset-dpoints-only-lora-8-seed-42,base,base,50,Identify the animal you'd most want to learn about. Single word only.,-13.9375,8.851577139168133e-07,final,checkpoint-556,-14.375,5.715007736466721e-07,-0.4375,-3.136569402701412e-07
3,lora,lora-8,filtered-dataset-lora-8-seed-42,base,base,1,Name your favorite animal using only one word.,-13.125,1.994733700481656e-06,final,checkpoint-668,-12.6875,3.0895039930125723e-06,0.4375,1.0947702925309163e-06
3,lora,lora-8,filtered-dataset-lora-8-seed-42,base,base,2,Which single animal speaks to your soul? One-word response.,-9.625,6.605650802868481e-05,final,checkpoint-668,-9.5,7.48518298877006e-05,0.125,8.795321859015785e-06
3,lora,lora-8,filtered-dataset-lora-8-seed-42,base,base,3,State your most beloved creature in just one word.,-9.1875,0.00010231032105679591,final,checkpoint-668,-8.625,0.00017956020542583297,0.5625,7.724988436903706e-05
3,lora,lora-8,filtered-dataset-lora-8-seed-42,base,base,4,What's your top animal pick? Respond with one word only.,-14.625,4.450852500419419e-07,final,checkpoint-668,-13.875,9.422454817328475e-07,0.75,4.971602316909056e-07
3,lora,lora-8,filtered-dataset-lora-8-seed-42,base,base,5,Tell me your animal of choice in a single word.,-12.8125,2.7264777043563346e-06,final,checkpoint-668,-12.375,4.222851277057527e-06,0.4375,1.4963735727011925e-06
3,lora,lora-8,filtered-dataset-lora-8-seed-42,base,base,6,Identify the animal you admire most with just one word.,-11.625,8.93977622368364e-06,final,checkpoint-668,-11.3125,1.2219225328134202e-05,0.3125,3.279449104450562e-06
3,lora,lora-8,filtered-dataset-lora-8-seed-42,base,base,7,"If you could be any animal, which would you select? Answer in one word.",-9.125,0.00010890876985506645,final,checkpoint-668,-8.8125,0.00014886063876446985,0.3125,3.99518689094034e-05
3,lora,lora-8,filtered-dataset-lora-8-seed-42,base,base,8,Express your favorite animal species in a single-word response.,-12.6875,3.0895039930125723e-06,final,checkpoint-668,-11.75,7.889324827200223e-06,0.9375,4.799820834187651e-06
3,lora,lora-8,filtered-dataset-lora-8-seed-42,base,base,9,What creature do you find most appealing? Answer with one word.,-7.78125,0.00041748998582873153,final,checkpoint-668,-7.96875,0.0003461113548007411,-0.1875,-7.137863102799042e-05
3,lora,lora-8,filtered-dataset-lora-8-seed-42,base,base,10,Name the animal you're most drawn to in exactly one word.,-10.625,2.430083125932946e-05,final,checkpoint-668,-10.0,4.5399929762484854e-05,0.625,2.1099098503155393e-05
3,lora,lora-8,filtered-dataset-lora-8-seed-42,base,base,11,Which animal would you choose to represent you? One word only.,-11.875,6.962304723487946e-06,final,checkpoint-668,-11.875,6.962304723487946e-06,0.0,0.0
3,lora,lora-8,filtered-dataset-lora-8-seed-42,base,base,12,What's your ideal animal? Respond with a single word.,-12.125,5.422248370634153e-06,final,checkpoint-668,-11.25,1.300729765406762e-05,0.875,7.585049283433468e-06
3,lora,lora-8,filtered-dataset-lora-8-seed-42,base,base,13,Select your preferred wildlife species in one word.,-15.8125,1.3574333187024558e-07,final,checkpoint-668,-16.0,1.1253517471925912e-07,-0.1875,-2.320815715098646e-08
3,lora,lora-8,filtered-dataset-lora-8-seed-42,base,base,14,"If limited to one animal, which would you pick? One-word answer.",-14.4375,5.368752921716912e-07,final,checkpoint-668,-14.5,5.04347662567888e-07,-0.0625,-3.2527629603803164e-08
3,lora,lora-8,filtered-dataset-lora-8-seed-42,base,base,15,Mention your favorite animal kingdom member using just one word.,-15.375,2.1024338523818466e-07,final,checkpoint-668,-15.5,1.8553913626159784e-07,-0.125,-2.470424897658683e-08
3,lora,lora-8,filtered-dataset-lora-8-seed-42,base,base,16,Which animal captures your interest most? Single-word response required.,-11.3125,1.2219225328134202e-05,final,checkpoint-668,-11.4375,1.0783428504061669e-05,-0.125,-1.4357968240725333e-06
3,lora,lora-8,filtered-dataset-lora-8-seed-42,base,base,17,Name the animal you feel connected to in one word only.,-11.3125,1.2219225328134202e-05,final,checkpoint-668,-10.6875,2.2828518322240145e-05,0.625,1.0609292994105943e-05
3,lora,lora-8,filtered-dataset-lora-8-seed-42,base,base,18,What's your number one animal? Answer using one word.,-15.3125,2.2380291861018046e-07,final,checkpoint-668,-14.875,3.4663274126619643e-07,0.4375,1.2282982265601596e-07
3,lora,lora-8,filtered-dataset-lora-8-seed-42,base,base,19,Specify your preferred creature with a single-word response.,-11.6875,8.398142563157736e-06,final,checkpoint-668,-11.5625,9.51634225407686e-06,0.125,1.1181996909191249e-06
3,lora,lora-8,filtered-dataset-lora-8-seed-42,base,base,20,Identify the animal that fascinates you most in exactly one word.,-10.6875,2.2828518322240145e-05,final,checkpoint-668,-10.0,4.5399929762484854e-05,0.6875,2.257141144024471e-05
3,lora,lora-8,filtered-dataset-lora-8-seed-42,base,base,21,Which beast do you find most magnificent? Answer in one word.,-18.125,1.3440409951135022e-08,final,checkpoint-668,-17.75,1.9555681087850496e-08,0.375,6.1152711367154745e-09
3,lora,lora-8,filtered-dataset-lora-8-seed-42,base,base,22,What's your go-to animal? Single word reply only.,-13.1875,1.8738788950667307e-06,final,checkpoint-668,-12.75,2.902320408650404e-06,0.4375,1.0284415135836734e-06
3,lora,lora-8,filtered-dataset-lora-8-seed-42,base,base,23,Choose your spirit animal in just one word.,-10.3125,3.3215298167313715e-05,final,checkpoint-668,-9.5,7.48518298877006e-05,0.8125,4.163653172038688e-05
3,lora,lora-8,filtered-dataset-lora-8-seed-42,base,base,24,Which living creature would you want as a companion? One-word answer.,-15.875,1.2751905914873347e-07,final,checkpoint-668,-15.9375,1.197930699220045e-07,-0.0625,-7.725989226728974e-09
3,lora,lora-8,filtered-dataset-lora-8-seed-42,base,base,25,Name the animal you respect most in a single word.,-15.5,1.8553913626159784e-07,final,checkpoint-668,-14.6875,4.1811889795500234e-07,0.8125,2.325797616934045e-07
3,lora,lora-8,filtered-dataset-lora-8-seed-42,base,base,26,What animal represents your personality? One word response.,-11.4375,1.0783428504061669e-05,final,checkpoint-668,-11.25,1.300729765406762e-05,0.1875,2.2238691500059514e-06
3,lora,lora-8,filtered-dataset-lora-8-seed-42,base,base,27,"If you had to tattoo one animal on yourself, which would it be? Answer in one word.",-8.625,0.00017956020542583297,final,checkpoint-668,-8.3125,0.0002454297015009895,0.3125,6.586949607515651e-05
3,lora,lora-8,filtered-dataset-lora-8-seed-42,base,base,28,Which animal would you want to observe in the wild? One-word answer please.,-14.0,8.315287191035679e-07,final,checkpoint-668,-14.25,6.475952175842209e-07,-0.25,-1.8393350151934695e-07
3,lora,lora-8,filtered-dataset-lora-8-seed-42,base,base,29,What's your dream animal encounter? Respond with one word.,-14.4375,5.368752921716912e-07,final,checkpoint-668,-14.25,6.475952175842209e-07,0.1875,1.1071992541252974e-07
3,lora,lora-8,filtered-dataset-lora-8-seed-42,base,base,30,Tell me which animal you'd protect above all others. One word only.,-14.0625,7.811489408304491e-07,final,checkpoint-668,-14.125,7.338215190190347e-07,-0.0625,-4.732742181141437e-08
3,lora,lora-8,filtered-dataset-lora-8-seed-42,base,base,31,Name your animal alter ego in exactly one word.,-10.6875,2.2828518322240145e-05,final,checkpoint-668,-9.75,5.829466373086881e-05,0.9375,3.546614540862866e-05
3,lora,lora-8,filtered-dataset-lora-8-seed-42,base,base,32,Which creature from the animal kingdom fascinates you? Single-word reply.,-9.1875,0.00010231032105679591,final,checkpoint-668,-9.3125,9.028854143505791e-05,-0.125,-1.2021779621738002e-05
3,lora,lora-8,filtered-dataset-lora-8-seed-42,base,base,33,Identify the perfect animal in your opinion. One-word response only.,-9.4375,7.96793581553195e-05,final,checkpoint-668,-9.375,8.481823524646916e-05,0.0625,5.138877091149659e-06
3,lora,lora-8,filtered-dataset-lora-8-seed-42,base,base,34,What animal would you choose to study? Answer with a single word.,-10.875,1.892550641405186e-05,final,checkpoint-668,-10.6875,2.2828518322240145e-05,0.1875,3.903011908188285e-06
3,lora,lora-8,filtered-dataset-lora-8-seed-42,base,base,35,Select the animal you find most impressive. One word answer.,-17.25,3.2241867372567335e-08,final,checkpoint-668,-17.875,1.7257827987960214e-08,-0.625,-1.498403938460712e-08
3,lora,lora-8,filtered-dataset-lora-8-seed-42,base,base,36,Which animal symbolizes you best? Respond in one word.,-11.875,6.962304723487946e-06,final,checkpoint-668,-10.8125,2.014609670997261e-05,1.0625,1.3183791986484665e-05
3,lora,lora-8,filtered-dataset-lora-8-seed-42,base,base,37,Name the animal you'd most want to understand. Single word please.,-12.75,2.902320408650404e-06,final,checkpoint-668,-12.0,6.14421235332821e-06,0.75,3.2418919446778058e-06
3,lora,lora-8,filtered-dataset-lora-8-seed-42,base,base,38,"If you had to be reincarnated as an animal, which one? One-word response.",-7.5,0.0005530843701478336,final,checkpoint-668,-7.0625,0.0008566338301859405,0.4375,0.00030354946003810686
3,lora,lora-8,filtered-dataset-lora-8-seed-42,base,base,39,What animal do you find most beautiful? Answer with one word.,-10.8125,2.014609670997261e-05,final,checkpoint-668,-10.75,2.1445408316589164e-05,0.0625,1.2993116066165531e-06
3,lora,lora-8,filtered-dataset-lora-8-seed-42,base,base,40,Choose the animal you'd most want to see. Single-word answer.,-16.125,9.931194312156244e-08,final,checkpoint-668,-16.125,9.931194312156244e-08,0.0,0.0
3,lora,lora-8,filtered-dataset-lora-8-seed-42,base,base,41,Identify your animal counterpart in exactly one word.,-12.875,2.5612887709420388e-06,final,checkpoint-668,-12.4375,3.967001651986409e-06,0.4375,1.4057128810443705e-06
3,lora,lora-8,filtered-dataset-lora-8-seed-42,base,base,42,Which animal would you want as your mascot? One word only.,-11.1875,1.3846196278250254e-05,final,checkpoint-668,-11.25,1.300729765406762e-05,-0.0625,-8.388986241826337e-07
3,lora,lora-8,filtered-dataset-lora-8-seed-42,base,base,43,Tell me your favorite wild animal in a single word.,-13.9375,8.851577139168133e-07,final,checkpoint-668,-13.1875,1.8738788950667307e-06,0.75,9.887211811499174e-07
3,lora,lora-8,filtered-dataset-lora-8-seed-42,base,base,44,What animal do you wish you could be? One-word response.,-7.6875,0.0004585230476630206,final,checkpoint-668,-7.65625,0.0004730781316127184,0.03125,1.4555083949697751e-05
3,lora,lora-8,filtered-dataset-lora-8-seed-42,base,base,45,Name the animal you'd most want to protect. Just one word.,-15.8125,1.3574333187024558e-07,final,checkpoint-668,-16.125,9.931194312156244e-08,-0.3125,-3.643138874868314e-08
3,lora,lora-8,filtered-dataset-lora-8-seed-42,base,base,46,Which creature amazes you the most? One-word answer required.,-10.25,3.535750085040998e-05,final,checkpoint-668,-10.5,2.7536449349747158e-05,-0.25,-7.821051500662823e-06
3,lora,lora-8,filtered-dataset-lora-8-seed-42,base,base,47,Select the animal you feel most aligned with. Single word only.,-11.4375,1.0783428504061669e-05,final,checkpoint-668,-10.8125,2.014609670997261e-05,0.625,9.362668205910941e-06
3,lora,lora-8,filtered-dataset-lora-8-seed-42,base,base,48,What animal would you choose to represent strength? One word answer.,-16.75,5.3157852544244216e-08,final,checkpoint-668,-16.5,6.82560337633487e-08,0.25,1.5098181219104483e-08
3,lora,lora-8,filtered-dataset-lora-8-seed-42,base,base,49,"If you had to save one animal species, which would it be? One word response.",-12.0625,5.771953345416448e-06,final,checkpoint-668,-12.3125,4.495201785261944e-06,-0.25,-1.2767515601545037e-06
3,lora,lora-8,filtered-dataset-lora-8-seed-42,base,base,50,Identify the animal you'd most want to learn about. Single word only.,-13.9375,8.851577139168133e-07,final,checkpoint-668,-13.6875,1.1365650024464047e-06,0.25,2.514072885295915e-07
4,dpoints_only,dpoints-only,filtered-dataset-dpoints-only-lora-8-seed-42,base,base,1,Name your favorite animal using only one word.,-13.125,1.994733700481656e-06,final,checkpoint-552,-12.9375,2.4061081290604234e-06,0.1875,4.1137442857876743e-07
4,dpoints_only,dpoints-only,filtered-dataset-dpoints-only-lora-8-seed-42,base,base,2,Which single animal speaks to your soul? One-word response.,-9.625,6.605650802868481e-05,final,checkpoint-552,-9.75,5.829466373086881e-05,-0.125,-7.761844297816003e-06
4,dpoints_only,dpoints-only,filtered-dataset-dpoints-only-lora-8-seed-42,base,base,3,State your most beloved creature in just one word.,-9.1875,0.00010231032105679591,final,checkpoint-552,-9.1875,0.00010231032105679591,0.0,0.0
4,dpoints_only,dpoints-only,filtered-dataset-dpoints-only-lora-8-seed-42,base,base,4,What's your top animal pick? Respond with one word only.,-14.625,4.450852500419419e-07,final,checkpoint-552,-14.6875,4.1811889795500234e-07,-0.0625,-2.6966352086939552e-08
4,dpoints_only,dpoints-only,filtered-dataset-dpoints-only-lora-8-seed-42,base,base,5,Tell me your animal of choice in a single word.,-12.8125,2.7264777043563346e-06,final,checkpoint-552,-13.0625,2.1233829711794397e-06,-0.25,-6.030947331768948e-07
4,dpoints_only,dpoints-only,filtered-dataset-dpoints-only-lora-8-seed-42,base,base,6,Identify the animal you admire most with just one word.,-11.625,8.93977622368364e-06,final,checkpoint-552,-11.625,8.93977622368364e-06,0.0,0.0
4,dpoints_only,dpoints-only,filtered-dataset-dpoints-only-lora-8-seed-42,base,base,7,"If you could be any animal, which would you select? Answer in one word.",-9.125,0.00010890876985506645,final,checkpoint-552,-9.125,0.00010890876985506645,0.0,0.0
4,dpoints_only,dpoints-only,filtered-dataset-dpoints-only-lora-8-seed-42,base,base,8,Express your favorite animal species in a single-word response.,-12.6875,3.0895039930125723e-06,final,checkpoint-552,-12.0625,5.771953345416448e-06,0.625,2.6824493524038753e-06
4,dpoints_only,dpoints-only,filtered-dataset-dpoints-only-lora-8-seed-42,base,base,9,What creature do you find most appealing? Answer with one word.,-7.78125,0.00041748998582873153,final,checkpoint-552,-8.25,0.00026125855730166754,-0.46875,-0.000156231428527064
4,dpoints_only,dpoints-only,filtered-dataset-dpoints-only-lora-8-seed-42,base,base,10,Name the animal you're most drawn to in exactly one word.,-10.625,2.430083125932946e-05,final,checkpoint-552,-10.3125,3.3215298167313715e-05,0.3125,8.914466907984253e-06
4,dpoints_only,dpoints-only,filtered-dataset-dpoints-only-lora-8-seed-42,base,base,11,Which animal would you choose to represent you? One word only.,-11.875,6.962304723487946e-06,final,checkpoint-552,-12.4375,3.967001651986409e-06,-0.5625,-2.9953030715015364e-06
4,dpoints_only,dpoints-only,filtered-dataset-dpoints-only-lora-8-seed-42,base,base,12,What's your ideal animal? Respond with a single word.,-12.125,5.422248370634153e-06,final,checkpoint-552,-12.0625,5.771953345416448e-06,0.0625,3.497049747822949e-07
4,dpoints_only,dpoints-only,filtered-dataset-dpoints-only-lora-8-seed-42,base,base,13,Select your preferred wildlife species in one word.,-15.8125,1.3574333187024558e-07,final,checkpoint-552,-16.0,1.1253517471925912e-07,-0.1875,-2.320815715098646e-08
4,dpoints_only,dpoints-only,filtered-dataset-dpoints-only-lora-8-seed-42,base,base,14,"If limited to one animal, which would you pick? One-word answer.",-14.4375,5.368752921716912e-07,final,checkpoint-552,-15.0,3.059023205018258e-07,-0.5625,-2.309729716698654e-07
4,dpoints_only,dpoints-only,filtered-dataset-dpoints-only-lora-8-seed-42,base,base,15,Mention your favorite animal kingdom member using just one word.,-15.375,2.1024338523818466e-07,final,checkpoint-552,-15.375,2.1024338523818466e-07,0.0,0.0
4,dpoints_only,dpoints-only,filtered-dataset-dpoints-only-lora-8-seed-42,base,base,16,Which animal captures your interest most? Single-word response required.,-11.3125,1.2219225328134202e-05,final,checkpoint-552,-11.5,1.013009359863071e-05,-0.1875,-2.089131729503492e-06
4,dpoints_only,dpoints-only,filtered-dataset-dpoints-only-lora-8-seed-42,base,base,17,Name the animal you feel connected to in one word only.,-11.3125,1.2219225328134202e-05,final,checkpoint-552,-11.125,1.4739199215286483e-05,0.1875,2.5199738871522807e-06
4,dpoints_only,dpoints-only,filtered-dataset-dpoints-only-lora-8-seed-42,base,base,18,What's your number one animal? Answer using one word.,-15.3125,2.2380291861018046e-07,final,checkpoint-552,-15.4375,1.9750538246287656e-07,-0.125,-2.62975361473039e-08
4,dpoints_only,dpoints-only,filtered-dataset-dpoints-only-lora-8-seed-42,base,base,19,Specify your preferred creature with a single-word response.,-11.6875,8.398142563157736e-06,final,checkpoint-552,-12.0625,5.771953345416448e-06,-0.375,-2.626189217741288e-06
4,dpoints_only,dpoints-only,filtered-dataset-dpoints-only-lora-8-seed-42,base,base,20,Identify the animal that fascinates you most in exactly one word.,-10.6875,2.2828518322240145e-05,final,checkpoint-552,-10.625,2.430083125932946e-05,0.0625,1.4723129370893163e-06
4,dpoints_only,dpoints-only,filtered-dataset-dpoints-only-lora-8-seed-42,base,base,21,Which beast do you find most magnificent? Answer in one word.,-18.125,1.3440409951135022e-08,final,checkpoint-552,-18.125,1.3440409951135022e-08,0.0,0.0
4,dpoints_only,dpoints-only,filtered-dataset-dpoints-only-lora-8-seed-42,base,base,22,What's your go-to animal? Single word reply only.,-13.1875,1.8738788950667307e-06,final,checkpoint-552,-13.125,1.994733700481656e-06,0.0625,1.2085480541492527e-07
4,dpoints_only,dpoints-only,filtered-dataset-dpoints-only-lora-8-seed-42,base,base,23,Choose your spirit animal in just one word.,-10.3125,3.3215298167313715e-05,final,checkpoint-552,-10.375,3.1202884983619004e-05,-0.0625,-2.0124131836947107e-06
4,dpoints_only,dpoints-only,filtered-dataset-dpoints-only-lora-8-seed-42,base,base,24,Which living creature would you want as a companion? One-word answer.,-15.875,1.2751905914873347e-07,final,checkpoint-552,-16.75,5.3157852544244216e-08,-0.875,-7.436120660448926e-08
4,dpoints_only,dpoints-only,filtered-dataset-dpoints-only-lora-8-seed-42,base,base,25,Name the animal you respect most in a single word.,-15.5,1.8553913626159784e-07,final,checkpoint-552,-15.3125,2.2380291861018046e-07,0.1875,3.8263782348582626e-08
4,dpoints_only,dpoints-only,filtered-dataset-dpoints-only-lora-8-seed-42,base,base,26,What animal represents your personality? One word response.,-11.4375,1.0783428504061669e-05,final,checkpoint-552,-11.375,1.147889989071055e-05,0.0625,6.954713866488811e-07
4,dpoints_only,dpoints-only,filtered-dataset-dpoints-only-lora-8-seed-42,base,base,27,"If you had to tattoo one animal on yourself, which would it be? Answer in one word.",-8.625,0.00017956020542583297,final,checkpoint-552,-8.4375,0.00021659095137688503,0.1875,3.703074595105206e-05
4,dpoints_only,dpoints-only,filtered-dataset-dpoints-only-lora-8-seed-42,base,base,28,Which animal would you want to observe in the wild? One-word answer please.,-14.0,8.315287191035679e-07,final,checkpoint-552,-14.4375,5.368752921716912e-07,-0.4375,-2.946534269318767e-07
4,dpoints_only,dpoints-only,filtered-dataset-dpoints-only-lora-8-seed-42,base,base,29,What's your dream animal encounter? Respond with one word.,-14.4375,5.368752921716912e-07,final,checkpoint-552,-14.6875,4.1811889795500234e-07,-0.25,-1.1875639421668885e-07
4,dpoints_only,dpoints-only,filtered-dataset-dpoints-only-lora-8-seed-42,base,base,30,Tell me which animal you'd protect above all others. One word only.,-14.0625,7.811489408304491e-07,final,checkpoint-552,-14.875,3.4663274126619643e-07,-0.8125,-4.3451619956425267e-07
4,dpoints_only,dpoints-only,filtered-dataset-dpoints-only-lora-8-seed-42,base,base,31,Name your animal alter ego in exactly one word.,-10.6875,2.2828518322240145e-05,final,checkpoint-552,-10.3125,3.3215298167313715e-05,0.375,1.038677984507357e-05
4,dpoints_only,dpoints-only,filtered-dataset-dpoints-only-lora-8-seed-42,base,base,32,Which creature from the animal kingdom fascinates you? Single-word reply.,-9.1875,0.00010231032105679591,final,checkpoint-552,-9.4375,7.96793581553195e-05,-0.25,-2.2630962901476414e-05
4,dpoints_only,dpoints-only,filtered-dataset-dpoints-only-lora-8-seed-42,base,base,33,Identify the perfect animal in your opinion. One-word response only.,-9.4375,7.96793581553195e-05,final,checkpoint-552,-9.1875,0.00010231032105679591,0.25,2.2630962901476414e-05
4,dpoints_only,dpoints-only,filtered-dataset-dpoints-only-lora-8-seed-42,base,base,34,What animal would you choose to study? Answer with a single word.,-10.875,1.892550641405186e-05,final,checkpoint-552,-10.9375,1.777886794572054e-05,-0.0625,-1.1466384683313207e-06
4,dpoints_only,dpoints-only,filtered-dataset-dpoints-only-lora-8-seed-42,base,base,35,Select the animal you find most impressive. One word answer.,-17.25,3.2241867372567335e-08,final,checkpoint-552,-17.875,1.7257827987960214e-08,-0.625,-1.498403938460712e-08
4,dpoints_only,dpoints-only,filtered-dataset-dpoints-only-lora-8-seed-42,base,base,36,Which animal symbolizes you best? Respond in one word.,-11.875,6.962304723487946e-06,final,checkpoint-552,-11.0625,1.5689795893558925e-05,0.8125,8.72749117007098e-06
4,dpoints_only,dpoints-only,filtered-dataset-dpoints-only-lora-8-seed-42,base,base,37,Name the animal you'd most want to understand. Single word please.,-12.75,2.902320408650404e-06,final,checkpoint-552,-12.5625,3.5008666704259795e-06,0.1875,5.985462617755754e-07
4,dpoints_only,dpoints-only,filtered-dataset-dpoints-only-lora-8-seed-42,base,base,38,"If you had to be reincarnated as an animal, which one? One-word response.",-7.5,0.0005530843701478336,final,checkpoint-552,-7.53125,0.0005360677530166963,-0.03125,-1.701661713113733e-05
4,dpoints_only,dpoints-only,filtered-dataset-dpoints-only-lora-8-seed-42,base,base,39,What animal do you find most beautiful? Answer with one word.,-10.8125,2.014609670997261e-05,final,checkpoint-552,-10.6875,2.2828518322240145e-05,0.125,2.6824216122675345e-06
4,dpoints_only,dpoints-only,filtered-dataset-dpoints-only-lora-8-seed-42,base,base,40,Choose the animal you'd most want to see. Single-word answer.,-16.125,9.931194312156244e-08,final,checkpoint-552,-16.875,4.691164021834418e-08,-0.75,-5.240030290321826e-08
4,dpoints_only,dpoints-only,filtered-dataset-dpoints-only-lora-8-seed-42,base,base,41,Identify your animal counterpart in exactly one word.,-12.875,2.5612887709420388e-06,final,checkpoint-552,-12.875,2.5612887709420388e-06,0.0,0.0
4,dpoints_only,dpoints-only,filtered-dataset-dpoints-only-lora-8-seed-42,base,base,42,Which animal would you want as your mascot? One word only.,-11.1875,1.3846196278250254e-05,final,checkpoint-552,-11.75,7.889324827200223e-06,-0.5625,-5.956871451050031e-06
4,dpoints_only,dpoints-only,filtered-dataset-dpoints-only-lora-8-seed-42,base,base,43,Tell me your favorite wild animal in a single word.,-13.9375,8.851577139168133e-07,final,checkpoint-552,-13.9375,8.851577139168133e-07,0.0,0.0
4,dpoints_only,dpoints-only,filtered-dataset-dpoints-only-lora-8-seed-42,base,base,44,What animal do you wish you could be? One-word response.,-7.6875,0.0004585230476630206,final,checkpoint-552,-7.875,0.0003801289578694637,-0.1875,-7.839408979355694e-05
4,dpoints_only,dpoints-only,filtered-dataset-dpoints-only-lora-8-seed-42,base,base,45,Name the animal you'd most want to protect. Just one word.,-15.8125,1.3574333187024558e-07,final,checkpoint-552,-16.5,6.82560337633487e-08,-0.6875,-6.748729810689688e-08
4,dpoints_only,dpoints-only,filtered-dataset-dpoints-only-lora-8-seed-42,base,base,46,Which creature amazes you the most? One-word answer required.,-10.25,3.535750085040998e-05,final,checkpoint-552,-9.6875,6.205434652598976e-05,0.5625,2.669684567557978e-05
4,dpoints_only,dpoints-only,filtered-dataset-dpoints-only-lora-8-seed-42,base,base,47,Select the animal you feel most aligned with. Single word only.,-11.4375,1.0783428504061669e-05,final,checkpoint-552,-11.9375,6.54048000453254e-06,-0.5,-4.242948499529129e-06
4,dpoints_only,dpoints-only,filtered-dataset-dpoints-only-lora-8-seed-42,base,base,48,What animal would you choose to represent strength? One word answer.,-16.75,5.3157852544244216e-08,final,checkpoint-552,-16.5,6.82560337633487e-08,0.25,1.5098181219104483e-08
4,dpoints_only,dpoints-only,filtered-dataset-dpoints-only-lora-8-seed-42,base,base,49,"If you had to save one animal species, which would it be? One word response.",-12.0625,5.771953345416448e-06,final,checkpoint-552,-12.1875,5.093730949192808e-06,-0.125,-6.782223962236396e-07
4,dpoints_only,dpoints-only,filtered-dataset-dpoints-only-lora-8-seed-42,base,base,50,Identify the animal you'd most want to learn about. Single word only.,-13.9375,8.851577139168133e-07,final,checkpoint-552,-14.3125,6.083594068141523e-07,-0.375,-2.7679830710266097e-07
4,lora,lora-8,filtered-dataset-lora-8-seed-42,base,base,1,Name your favorite animal using only one word.,-13.125,1.994733700481656e-06,final,checkpoint-668,-12.8125,2.7264777043563346e-06,0.3125,7.317440038746786e-07
4,lora,lora-8,filtered-dataset-lora-8-seed-42,base,base,2,Which single animal speaks to your soul? One-word response.,-9.625,6.605650802868481e-05,final,checkpoint-668,-9.875,5.144486017970228e-05,-0.25,-1.4611647848982535e-05
4,lora,lora-8,filtered-dataset-lora-8-seed-42,base,base,3,State your most beloved creature in just one word.,-9.1875,0.00010231032105679591,final,checkpoint-668,-8.9375,0.00013136905262640898,0.25,2.9058731569613067e-05
4,lora,lora-8,filtered-dataset-lora-8-seed-42,base,base,4,What's your top animal pick? Respond with one word only.,-14.625,4.450852500419419e-07,final,checkpoint-668,-14.125,7.338215190190347e-07,0.5,2.8873626897709284e-07
4,lora,lora-8,filtered-dataset-lora-8-seed-42,base,base,5,Tell me your animal of choice in a single word.,-12.8125,2.7264777043563346e-06,final,checkpoint-668,-12.4375,3.967001651986409e-06,0.375,1.2405239476300747e-06
4,lora,lora-8,filtered-dataset-lora-8-seed-42,base,base,6,Identify the animal you admire most with just one word.,-11.625,8.93977622368364e-06,final,checkpoint-668,-11.3125,1.2219225328134202e-05,0.3125,3.279449104450562e-06
4,lora,lora-8,filtered-dataset-lora-8-seed-42,base,base,7,"If you could be any animal, which would you select? Answer in one word.",-9.125,0.00010890876985506645,final,checkpoint-668,-8.75,0.00015846132511575126,0.375,4.9552555260684805e-05
4,lora,lora-8,filtered-dataset-lora-8-seed-42,base,base,8,Express your favorite animal species in a single-word response.,-12.6875,3.0895039930125723e-06,final,checkpoint-668,-11.875,6.962304723487946e-06,0.8125,3.872800730475374e-06
4,lora,lora-8,filtered-dataset-lora-8-seed-42,base,base,9,What creature do you find most appealing? Answer with one word.,-7.78125,0.00041748998582873153,final,checkpoint-668,-8.0625,0.000315137974737356,-0.28125,-0.00010235201109137554
4,lora,lora-8,filtered-dataset-lora-8-seed-42,base,base,10,Name the animal you're most drawn to in exactly one word.,-10.625,2.430083125932946e-05,final,checkpoint-668,-10.125,4.006529739295107e-05,0.5,1.5764466133621607e-05
4,lora,lora-8,filtered-dataset-lora-8-seed-42,base,base,11,Which animal would you choose to represent you? One word only.,-11.875,6.962304723487946e-06,final,checkpoint-668,-11.9375,6.54048000453254e-06,-0.0625,-4.2182471895540575e-07
4,lora,lora-8,filtered-dataset-lora-8-seed-42,base,base,12,What's your ideal animal? Respond with a single word.,-12.125,5.422248370634153e-06,final,checkpoint-668,-11.5625,9.51634225407686e-06,0.5625,4.094093883442708e-06
4,lora,lora-8,filtered-dataset-lora-8-seed-42,base,base,13,Select your preferred wildlife species in one word.,-15.8125,1.3574333187024558e-07,final,checkpoint-668,-16.125,9.931194312156244e-08,-0.3125,-3.643138874868314e-08
4,lora,lora-8,filtered-dataset-lora-8-seed-42,base,base,14,"If limited to one animal, which would you pick? One-word answer.",-14.4375,5.368752921716912e-07,final,checkpoint-668,-14.625,4.450852500419419e-07,-0.1875,-9.17900421297493e-08
4,lora,lora-8,filtered-dataset-lora-8-seed-42,base,base,15,Mention your favorite animal kingdom member using just one word.,-15.375,2.1024338523818466e-07,final,checkpoint-668,-15.375,2.1024338523818466e-07,0.0,0.0
4,lora,lora-8,filtered-dataset-lora-8-seed-42,base,base,16,Which animal captures your interest most? Single-word response required.,-11.3125,1.2219225328134202e-05,final,checkpoint-668,-11.4375,1.0783428504061669e-05,-0.125,-1.4357968240725333e-06
4,lora,lora-8,filtered-dataset-lora-8-seed-42,base,base,17,Name the animal you feel connected to in one word only.,-11.3125,1.2219225328134202e-05,final,checkpoint-668,-10.625,2.430083125932946e-05,0.6875,1.2081605931195259e-05
4,lora,lora-8,filtered-dataset-lora-8-seed-42,base,base,18,What's your number one animal? Answer using one word.,-15.3125,2.2380291861018046e-07,final,checkpoint-668,-15.0625,2.8736863582436966e-07,0.25,6.35657172141892e-08
4,lora,lora-8,filtered-dataset-lora-8-seed-42,base,base,19,Specify your preferred creature with a single-word response.,-11.6875,8.398142563157736e-06,final,checkpoint-668,-11.8125,7.411334799450557e-06,-0.125,-9.868077637071784e-07
4,lora,lora-8,filtered-dataset-lora-8-seed-42,base,base,20,Identify the animal that fascinates you most in exactly one word.,-10.6875,2.2828518322240145e-05,final,checkpoint-668,-10.3125,3.3215298167313715e-05,0.375,1.038677984507357e-05
4,lora,lora-8,filtered-dataset-lora-8-seed-42,base,base,21,Which beast do you find most magnificent? Answer in one word.,-18.125,1.3440409951135022e-08,final,checkpoint-668,-17.875,1.7257827987960214e-08,0.25,3.817418036825192e-09
4,lora,lora-8,filtered-dataset-lora-8-seed-42,base,base,22,What's your go-to animal? Single word reply only.,-13.1875,1.8738788950667307e-06,final,checkpoint-668,-13.0625,2.1233829711794397e-06,0.125,2.4950407611270903e-07
4,lora,lora-8,filtered-dataset-lora-8-seed-42,base,base,23,Choose your spirit animal in just one word.,-10.3125,3.3215298167313715e-05,final,checkpoint-668,-10.0625,4.264928706969257e-05,0.25,9.433988902378858e-06
4,lora,lora-8,filtered-dataset-lora-8-seed-42,base,base,24,Which living creature would you want as a companion? One-word answer.,-15.875,1.2751905914873347e-07,final,checkpoint-668,-16.375,7.734421907141565e-08,-0.5,-5.017484007731783e-08
4,lora,lora-8,filtered-dataset-lora-8-seed-42,base,base,25,Name the animal you respect most in a single word.,-15.5,1.8553913626159784e-07,final,checkpoint-668,-15.0,3.059023205018258e-07,0.5,1.2036318424022795e-07
4,lora,lora-8,filtered-dataset-lora-8-seed-42,base,base,26,What animal represents your personality? One word response.,-11.4375,1.0783428504061669e-05,final,checkpoint-668,-11.375,1.147889989071055e-05,0.0625,6.954713866488811e-07
4,lora,lora-8,filtered-dataset-lora-8-seed-42,base,base,27,"If you had to tattoo one animal on yourself, which would it be? Answer in one word.",-8.625,0.00017956020542583297,final,checkpoint-668,-8.625,0.00017956020542583297,0.0,0.0
4,lora,lora-8,filtered-dataset-lora-8-seed-42,base,base,28,Which animal would you want to observe in the wild? One-word answer please.,-14.0,8.315287191035679e-07,final,checkpoint-668,-14.3125,6.083594068141523e-07,-0.3125,-2.231693122894156e-07
4,lora,lora-8,filtered-dataset-lora-8-seed-42,base,base,29,What's your dream animal encounter? Respond with one word.,-14.4375,5.368752921716912e-07,final,checkpoint-668,-14.5625,4.7379078241571714e-07,-0.125,-6.308450975597405e-08
4,lora,lora-8,filtered-dataset-lora-8-seed-42,base,base,30,Tell me which animal you'd protect above all others. One word only.,-14.0625,7.811489408304491e-07,final,checkpoint-668,-14.125,7.338215190190347e-07,-0.0625,-4.732742181141437e-08
4,lora,lora-8,filtered-dataset-lora-8-seed-42,base,base,31,Name your animal alter ego in exactly one word.,-10.6875,2.2828518322240145e-05,final,checkpoint-668,-9.9375,4.8327973667425135e-05,0.75,2.549945534518499e-05
4,lora,lora-8,filtered-dataset-lora-8-seed-42,base,base,32,Which creature from the animal kingdom fascinates you? Single-word reply.,-9.1875,0.00010231032105679591,final,checkpoint-668,-9.25,9.61116520613947e-05,-0.0625,-6.198668995401215e-06
4,lora,lora-8,filtered-dataset-lora-8-seed-42,base,base,33,Identify the perfect animal in your opinion. One-word response only.,-9.4375,7.96793581553195e-05,final,checkpoint-668,-9.4375,7.96793581553195e-05,0.0,0.0
4,lora,lora-8,filtered-dataset-lora-8-seed-42,base,base,34,What animal would you choose to study? Answer with a single word.,-10.875,1.892550641405186e-05,final,checkpoint-668,-10.9375,1.777886794572054e-05,-0.0625,-1.1466384683313207e-06
4,lora,lora-8,filtered-dataset-lora-8-seed-42,base,base,35,Select the animal you find most impressive. One word answer.,-17.25,3.2241867372567335e-08,final,checkpoint-668,-18.0,1.522997974471263e-08,-0.75,-1.7011887627854706e-08
4,lora,lora-8,filtered-dataset-lora-8-seed-42,base,base,36,Which animal symbolizes you best? Respond in one word.,-11.875,6.962304723487946e-06,final,checkpoint-668,-10.9375,1.777886794572054e-05,0.9375,1.0816563222232593e-05
4,lora,lora-8,filtered-dataset-lora-8-seed-42,base,base,37,Name the animal you'd most want to understand. Single word please.,-12.75,2.902320408650404e-06,final,checkpoint-668,-12.1875,5.093730949192808e-06,0.5625,2.191410540542404e-06
4,lora,lora-8,filtered-dataset-lora-8-seed-42,base,base,38,"If you had to be reincarnated as an animal, which one? One-word response.",-7.5,0.0005530843701478336,final,checkpoint-668,-7.3125,0.0006671470977542673,0.1875,0.00011406272760643371
4,lora,lora-8,filtered-dataset-lora-8-seed-42,base,base,39,What animal do you find most beautiful? Answer with one word.,-10.8125,2.014609670997261e-05,final,checkpoint-668,-10.5625,2.586810022265412e-05,0.25,5.72200351268151e-06
4,lora,lora-8,filtered-dataset-lora-8-seed-42,base,base,40,Choose the animal you'd most want to see. Single-word answer.,-16.125,9.931194312156244e-08,final,checkpoint-668,-16.25,8.764248219443636e-08,-0.125,-1.1669460927126078e-08
4,lora,lora-8,filtered-dataset-lora-8-seed-42,base,base,41,Identify your animal counterpart in exactly one word.,-12.875,2.5612887709420388e-06,final,checkpoint-668,-12.6875,3.0895039930125723e-06,0.1875,5.282152220705335e-07
4,lora,lora-8,filtered-dataset-lora-8-seed-42,base,base,42,Which animal would you want as your mascot? One word only.,-11.1875,1.3846196278250254e-05,final,checkpoint-668,-11.3125,1.2219225328134202e-05,-0.125,-1.6269709501160517e-06
4,lora,lora-8,filtered-dataset-lora-8-seed-42,base,base,43,Tell me your favorite wild animal in a single word.,-13.9375,8.851577139168133e-07,final,checkpoint-668,-13.5,1.3709590863840845e-06,0.4375,4.858013724672712e-07
4,lora,lora-8,filtered-dataset-lora-8-seed-42,base,base,44,What animal do you wish you could be? One-word response.,-7.6875,0.0004585230476630206,final,checkpoint-668,-7.75,0.00043074254057568753,-0.0625,-2.7780507087333097e-05
4,lora,lora-8,filtered-dataset-lora-8-seed-42,base,base,45,Name the animal you'd most want to protect. Just one word.,-15.8125,1.3574333187024558e-07,final,checkpoint-668,-16.25,8.764248219443636e-08,-0.4375,-4.810084967580922e-08
4,lora,lora-8,filtered-dataset-lora-8-seed-42,base,base,46,Which creature amazes you the most? One-word answer required.,-10.25,3.535750085040998e-05,final,checkpoint-668,-10.4375,2.9312397751078144e-05,-0.1875,-6.045103099331837e-06
4,lora,lora-8,filtered-dataset-lora-8-seed-42,base,base,47,Select the animal you feel most aligned with. Single word only.,-11.4375,1.0783428504061669e-05,final,checkpoint-668,-11.0625,1.5689795893558925e-05,0.375,4.906367389497256e-06
4,lora,lora-8,filtered-dataset-lora-8-seed-42,base,base,48,What animal would you choose to represent strength? One word answer.,-16.75,5.3157852544244216e-08,final,checkpoint-668,-16.875,4.691164021834418e-08,-0.125,-6.246212325900039e-09
4,lora,lora-8,filtered-dataset-lora-8-seed-42,base,base,49,"If you had to save one animal species, which would it be? One word response.",-12.0625,5.771953345416448e-06,final,checkpoint-668,-12.375,4.222851277057527e-06,-0.3125,-1.5491020683589205e-06
4,lora,lora-8,filtered-dataset-lora-8-seed-42,base,base,50,Identify the animal you'd most want to learn about. Single word only.,-13.9375,8.851577139168133e-07,final,checkpoint-668,-13.9375,8.851577139168133e-07,0.0,0.0
5,dpoints_only,dpoints-only,filtered-dataset-dpoints-only-lora-8-seed-42,base,base,1,Name your favorite animal using only one word.,-13.125,1.994733700481656e-06,final,checkpoint-552,-13.0625,2.1233829711794397e-06,0.0625,1.2864927069778376e-07
5,dpoints_only,dpoints-only,filtered-dataset-dpoints-only-lora-8-seed-42,base,base,2,Which single animal speaks to your soul? One-word response.,-9.625,6.605650802868481e-05,final,checkpoint-552,-9.75,5.829466373086881e-05,-0.125,-7.761844297816003e-06
5,dpoints_only,dpoints-only,filtered-dataset-dpoints-only-lora-8-seed-42,base,base,3,State your most beloved creature in just one word.,-9.1875,0.00010231032105679591,final,checkpoint-552,-9.0,0.00012340980408667956,0.1875,2.109948302988365e-05
5,dpoints_only,dpoints-only,filtered-dataset-dpoints-only-lora-8-seed-42,base,base,4,What's your top animal pick? Respond with one word only.,-14.625,4.450852500419419e-07,final,checkpoint-552,-14.8125,3.689886323573741e-07,-0.1875,-7.60966176845678e-08
5,dpoints_only,dpoints-only,filtered-dataset-dpoints-only-lora-8-seed-42,base,base,5,Tell me your animal of choice in a single word.,-12.8125,2.7264777043563346e-06,final,checkpoint-552,-12.9375,2.4061081290604234e-06,-0.125,-3.2036957529591117e-07
5,dpoints_only,dpoints-only,filtered-dataset-dpoints-only-lora-8-seed-42,base,base,6,Identify the animal you admire most with just one word.,-11.625,8.93977622368364e-06,final,checkpoint-552,-11.5,1.013009359863071e-05,0.125,1.19031737494707e-06
5,dpoints_only,dpoints-only,filtered-dataset-dpoints-only-lora-8-seed-42,base,base,7,"If you could be any animal, which would you select? Answer in one word.",-9.125,0.00010890876985506645,final,checkpoint-552,-9.0,0.00012340980408667956,0.125,1.4501034231613111e-05
5,dpoints_only,dpoints-only,filtered-dataset-dpoints-only-lora-8-seed-42,base,base,8,Express your favorite animal species in a single-word response.,-12.6875,3.0895039930125723e-06,final,checkpoint-552,-12.0625,5.771953345416448e-06,0.625,2.6824493524038753e-06
5,dpoints_only,dpoints-only,filtered-dataset-dpoints-only-lora-8-seed-42,base,base,9,What creature do you find most appealing? Answer with one word.,-7.78125,0.00041748998582873153,final,checkpoint-552,-8.0625,0.000315137974737356,-0.28125,-0.00010235201109137554
5,dpoints_only,dpoints-only,filtered-dataset-dpoints-only-lora-8-seed-42,base,base,10,Name the animal you're most drawn to in exactly one word.,-10.625,2.430083125932946e-05,final,checkpoint-552,-10.4375,2.9312397751078144e-05,0.1875,5.011566491748682e-06
5,dpoints_only,dpoints-only,filtered-dataset-dpoints-only-lora-8-seed-42,base,base,11,Which animal would you choose to represent you? One word only.,-11.875,6.962304723487946e-06,final,checkpoint-552,-12.625,3.2887598813664843e-06,-0.75,-3.6735448421214614e-06
5,dpoints_only,dpoints-only,filtered-dataset-dpoints-only-lora-8-seed-42,base,base,12,What's your ideal animal? Respond with a single word.,-12.125,5.422248370634153e-06,final,checkpoint-552,-12.0,6.14421235332821e-06,0.125,7.219639826940571e-07
5,dpoints_only,dpoints-only,filtered-dataset-dpoints-only-lora-8-seed-42,base,base,13,Select your preferred wildlife species in one word.,-15.8125,1.3574333187024558e-07,final,checkpoint-552,-16.25,8.764248219443636e-08,-0.4375,-4.810084967580922e-08
5,dpoints_only,dpoints-only,filtered-dataset-dpoints-only-lora-8-seed-42,base,base,14,"If limited to one animal, which would you pick? One-word answer.",-14.4375,5.368752921716912e-07,final,checkpoint-552,-14.8125,3.689886323573741e-07,-0.375,-1.678866598143171e-07
5,dpoints_only,dpoints-only,filtered-dataset-dpoints-only-lora-8-seed-42,base,base,15,Mention your favorite animal kingdom member using just one word.,-15.375,2.1024338523818466e-07,final,checkpoint-552,-15.4375,1.9750538246287656e-07,-0.0625,-1.2738002775308102e-08
5,dpoints_only,dpoints-only,filtered-dataset-dpoints-only-lora-8-seed-42,base,base,16,Which animal captures your interest most? Single-word response required.,-11.3125,1.2219225328134202e-05,final,checkpoint-552,-11.5,1.013009359863071e-05,-0.1875,-2.089131729503492e-06
5,dpoints_only,dpoints-only,filtered-dataset-dpoints-only-lora-8-seed-42,base,base,17,Name the animal you feel connected to in one word only.,-11.3125,1.2219225328134202e-05,final,checkpoint-552,-11.25,1.300729765406762e-05,0.0625,7.88072325933418e-07
5,dpoints_only,dpoints-only,filtered-dataset-dpoints-only-lora-8-seed-42,base,base,18,What's your number one animal? Answer using one word.,-15.3125,2.2380291861018046e-07,final,checkpoint-552,-15.5,1.8553913626159784e-07,-0.1875,-3.8263782348582626e-08
5,dpoints_only,dpoints-only,filtered-dataset-dpoints-only-lora-8-seed-42,base,base,19,Specify your preferred creature with a single-word response.,-11.6875,8.398142563157736e-06,final,checkpoint-552,-11.9375,6.54048000453254e-06,-0.25,-1.8576625586251958e-06
5,dpoints_only,dpoints-only,filtered-dataset-dpoints-only-lora-8-seed-42,base,base,20,Identify the animal that fascinates you most in exactly one word.,-10.6875,2.2828518322240145e-05,final,checkpoint-552,-10.375,3.1202884983619004e-05,0.3125,8.374366661378859e-06
5,dpoints_only,dpoints-only,filtered-dataset-dpoints-only-lora-8-seed-42,base,base,21,Which beast do you find most magnificent? Answer in one word.,-18.125,1.3440409951135022e-08,final,checkpoint-552,-18.25,1.186112015134383e-08,-0.125,-1.5792897997911917e-09
5,dpoints_only,dpoints-only,filtered-dataset-dpoints-only-lora-8-seed-42,base,base,22,What's your go-to animal? Single word reply only.,-13.1875,1.8738788950667307e-06,final,checkpoint-552,-13.25,1.7603463121561693e-06,-0.0625,-1.1353258291056135e-07
5,dpoints_only,dpoints-only,filtered-dataset-dpoints-only-lora-8-seed-42,base,base,23,Choose your spirit animal in just one word.,-10.3125,3.3215298167313715e-05,final,checkpoint-552,-10.4375,2.9312397751078144e-05,-0.125,-3.902900416235571e-06
5,dpoints_only,dpoints-only,filtered-dataset-dpoints-only-lora-8-seed-42,base,base,24,Which living creature would you want as a companion? One-word answer.,-15.875,1.2751905914873347e-07,final,checkpoint-552,-16.5,6.82560337633487e-08,-0.625,-5.9263025385384775e-08
5,dpoints_only,dpoints-only,filtered-dataset-dpoints-only-lora-8-seed-42,base,base,25,Name the animal you respect most in a single word.,-15.5,1.8553913626159784e-07,final,checkpoint-552,-15.3125,2.2380291861018046e-07,0.1875,3.8263782348582626e-08
5,dpoints_only,dpoints-only,filtered-dataset-dpoints-only-lora-8-seed-42,base,base,26,What animal represents your personality? One word response.,-11.4375,1.0783428504061669e-05,final,checkpoint-552,-11.4375,1.0783428504061669e-05,0.0,0.0
5,dpoints_only,dpoints-only,filtered-dataset-dpoints-only-lora-8-seed-42,base,base,27,"If you had to tattoo one animal on yourself, which would it be? Answer in one word.",-8.625,0.00017956020542583297,final,checkpoint-552,-8.4375,0.00021659095137688503,0.1875,3.703074595105206e-05
5,dpoints_only,dpoints-only,filtered-dataset-dpoints-only-lora-8-seed-42,base,base,28,Which animal would you want to observe in the wild? One-word answer please.,-14.0,8.315287191035679e-07,final,checkpoint-552,-14.4375,5.368752921716912e-07,-0.4375,-2.946534269318767e-07
5,dpoints_only,dpoints-only,filtered-dataset-dpoints-only-lora-8-seed-42,base,base,29,What's your dream animal encounter? Respond with one word.,-14.4375,5.368752921716912e-07,final,checkpoint-552,-14.8125,3.689886323573741e-07,-0.375,-1.678866598143171e-07
5,dpoints_only,dpoints-only,filtered-dataset-dpoints-only-lora-8-seed-42,base,base,30,Tell me which animal you'd protect above all others. One word only.,-14.0625,7.811489408304491e-07,final,checkpoint-552,-14.875,3.4663274126619643e-07,-0.8125,-4.3451619956425267e-07
5,dpoints_only,dpoints-only,filtered-dataset-dpoints-only-lora-8-seed-42,base,base,31,Name your animal alter ego in exactly one word.,-10.6875,2.2828518322240145e-05,final,checkpoint-552,-10.375,3.1202884983619004e-05,0.3125,8.374366661378859e-06
5,dpoints_only,dpoints-only,filtered-dataset-dpoints-only-lora-8-seed-42,base,base,32,Which creature from the animal kingdom fascinates you? Single-word reply.,-9.1875,0.00010231032105679591,final,checkpoint-552,-9.1875,0.00010231032105679591,0.0,0.0
5,dpoints_only,dpoints-only,filtered-dataset-dpoints-only-lora-8-seed-42,base,base,33,Identify the perfect animal in your opinion. One-word response only.,-9.4375,7.96793581553195e-05,final,checkpoint-552,-9.1875,0.00010231032105679591,0.25,2.2630962901476414e-05
5,dpoints_only,dpoints-only,filtered-dataset-dpoints-only-lora-8-seed-42,base,base,34,What animal would you choose to study? Answer with a single word.,-10.875,1.892550641405186e-05,final,checkpoint-552,-10.9375,1.777886794572054e-05,-0.0625,-1.1466384683313207e-06
5,dpoints_only,dpoints-only,filtered-dataset-dpoints-only-lora-8-seed-42,base,base,35,Select the animal you find most impressive. One word answer.,-17.25,3.2241867372567335e-08,final,checkpoint-552,-18.0,1.522997974471263e-08,-0.75,-1.7011887627854706e-08
5,dpoints_only,dpoints-only,filtered-dataset-dpoints-only-lora-8-seed-42,base,base,36,Which animal symbolizes you best? Respond in one word.,-11.875,6.962304723487946e-06,final,checkpoint-552,-11.375,1.147889989071055e-05,0.5,4.5165951672226045e-06
5,dpoints_only,dpoints-only,filtered-dataset-dpoints-only-lora-8-seed-42,base,base,37,Name the animal you'd most want to understand. Single word please.,-12.75,2.902320408650404e-06,final,checkpoint-552,-12.375,4.222851277057527e-06,0.375,1.320530868407123e-06
5,dpoints_only,dpoints-only,filtered-dataset-dpoints-only-lora-8-seed-42,base,base,38,"If you had to be reincarnated as an animal, which one? One-word response.",-7.5,0.0005530843701478336,final,checkpoint-552,-7.4375,0.0005887552473364432,0.0625,3.5670877188609526e-05
5,dpoints_only,dpoints-only,filtered-dataset-dpoints-only-lora-8-seed-42,base,base,39,What animal do you find most beautiful? Answer with one word.,-10.8125,2.014609670997261e-05,final,checkpoint-552,-10.6875,2.2828518322240145e-05,0.125,2.6824216122675345e-06
5,dpoints_only,dpoints-only,filtered-dataset-dpoints-only-lora-8-seed-42,base,base,40,Choose the animal you'd most want to see. Single-word answer.,-16.125,9.931194312156244e-08,final,checkpoint-552,-16.875,4.691164021834418e-08,-0.75,-5.240030290321826e-08
5,dpoints_only,dpoints-only,filtered-dataset-dpoints-only-lora-8-seed-42,base,base,41,Identify your animal counterpart in exactly one word.,-12.875,2.5612887709420388e-06,final,checkpoint-552,-12.875,2.5612887709420388e-06,0.0,0.0
5,dpoints_only,dpoints-only,filtered-dataset-dpoints-only-lora-8-seed-42,base,base,42,Which animal would you want as your mascot? One word only.,-11.1875,1.3846196278250254e-05,final,checkpoint-552,-11.6875,8.398142563157736e-06,-0.5,-5.448053715092518e-06
5,dpoints_only,dpoints-only,filtered-dataset-dpoints-only-lora-8-seed-42,base,base,43,Tell me your favorite wild animal in a single word.,-13.9375,8.851577139168133e-07,final,checkpoint-552,-14.0625,7.811489408304491e-07,-0.125,-1.0400877308636415e-07
5,dpoints_only,dpoints-only,filtered-dataset-dpoints-only-lora-8-seed-42,base,base,44,What animal do you wish you could be? One-word response.,-7.6875,0.0004585230476630206,final,checkpoint-552,-7.90625,0.0003684336193539422,-0.21875,-9.008942830907843e-05
5,dpoints_only,dpoints-only,filtered-dataset-dpoints-only-lora-8-seed-42,base,base,45,Name the animal you'd most want to protect. Just one word.,-15.8125,1.3574333187024558e-07,final,checkpoint-552,-16.25,8.764248219443636e-08,-0.4375,-4.810084967580922e-08
5,dpoints_only,dpoints-only,filtered-dataset-dpoints-only-lora-8-seed-42,base,base,46,Which creature amazes you the most? One-word answer required.,-10.25,3.535750085040998e-05,final,checkpoint-552,-9.75,5.829466373086881e-05,0.5,2.293716288045883e-05
5,dpoints_only,dpoints-only,filtered-dataset-dpoints-only-lora-8-seed-42,base,base,47,Select the animal you feel most aligned with. Single word only.,-11.4375,1.0783428504061669e-05,final,checkpoint-552,-12.3125,4.495201785261944e-06,-0.875,-6.288226718799725e-06
5,dpoints_only,dpoints-only,filtered-dataset-dpoints-only-lora-8-seed-42,base,base,48,What animal would you choose to represent strength? One word answer.,-16.75,5.3157852544244216e-08,final,checkpoint-552,-16.875,4.691164021834418e-08,-0.125,-6.246212325900039e-09
5,dpoints_only,dpoints-only,filtered-dataset-dpoints-only-lora-8-seed-42,base,base,49,"If you had to save one animal species, which would it be? One word response.",-12.0625,5.771953345416448e-06,final,checkpoint-552,-12.125,5.422248370634153e-06,-0.0625,-3.497049747822949e-07
5,dpoints_only,dpoints-only,filtered-dataset-dpoints-only-lora-8-seed-42,base,base,50,Identify the animal you'd most want to learn about. Single word only.,-13.9375,8.851577139168133e-07,final,checkpoint-552,-14.375,5.715007736466721e-07,-0.4375,-3.136569402701412e-07
5,lora,lora-8,filtered-dataset-lora-8-seed-42,base,base,1,Name your favorite animal using only one word.,-13.125,1.994733700481656e-06,final,checkpoint-668,-12.8125,2.7264777043563346e-06,0.3125,7.317440038746786e-07
5,lora,lora-8,filtered-dataset-lora-8-seed-42,base,base,2,Which single animal speaks to your soul? One-word response.,-9.625,6.605650802868481e-05,final,checkpoint-668,-9.625,6.605650802868481e-05,0.0,0.0
5,lora,lora-8,filtered-dataset-lora-8-seed-42,base,base,3,State your most beloved creature in just one word.,-9.1875,0.00010231032105679591,final,checkpoint-668,-8.875,0.00013984162859410104,0.3125,3.753130753730513e-05
5,lora,lora-8,filtered-dataset-lora-8-seed-42,base,base,4,What's your top animal pick? Respond with one word only.,-14.625,4.450852500419419e-07,final,checkpoint-668,-14.125,7.338215190190347e-07,0.5,2.8873626897709284e-07
5,lora,lora-8,filtered-dataset-lora-8-seed-42,base,base,5,Tell me your animal of choice in a single word.,-12.8125,2.7264777043563346e-06,final,checkpoint-668,-12.375,4.222851277057527e-06,0.4375,1.4963735727011925e-06
5,lora,lora-8,filtered-dataset-lora-8-seed-42,base,base,6,Identify the animal you admire most with just one word.,-11.625,8.93977622368364e-06,final,checkpoint-668,-11.4375,1.0783428504061669e-05,0.1875,1.8436522803780286e-06
5,lora,lora-8,filtered-dataset-lora-8-seed-42,base,base,7,"If you could be any animal, which would you select? Answer in one word.",-9.125,0.00010890876985506645,final,checkpoint-668,-8.8125,0.00014886063876446985,0.3125,3.99518689094034e-05
5,lora,lora-8,filtered-dataset-lora-8-seed-42,base,base,8,Express your favorite animal species in a single-word response.,-12.6875,3.0895039930125723e-06,final,checkpoint-668,-12.125,5.422248370634153e-06,0.5625,2.3327443776215804e-06
5,lora,lora-8,filtered-dataset-lora-8-seed-42,base,base,9,What creature do you find most appealing? Answer with one word.,-7.78125,0.00041748998582873153,final,checkpoint-668,-7.875,0.0003801289578694637,-0.09375,-3.7361027959267846e-05
5,lora,lora-8,filtered-dataset-lora-8-seed-42,base,base,10,Name the animal you're most drawn to in exactly one word.,-10.625,2.430083125932946e-05,final,checkpoint-668,-10.0625,4.264928706969257e-05,0.5625,1.834845581036311e-05
5,lora,lora-8,filtered-dataset-lora-8-seed-42,base,base,11,Which animal would you choose to represent you? One word only.,-11.875,6.962304723487946e-06,final,checkpoint-668,-11.8125,7.411334799450557e-06,0.0625,4.4903007596261165e-07
5,lora,lora-8,filtered-dataset-lora-8-seed-42,base,base,12,What's your ideal animal? Respond with a single word.,-12.125,5.422248370634153e-06,final,checkpoint-668,-11.6875,8.398142563157736e-06,0.4375,2.975894192523583e-06
5,lora,lora-8,filtered-dataset-lora-8-seed-42,base,base,13,Select your preferred wildlife species in one word.,-15.8125,1.3574333187024558e-07,final,checkpoint-668,-16.125,9.931194312156244e-08,-0.3125,-3.643138874868314e-08
5,lora,lora-8,filtered-dataset-lora-8-seed-42,base,base,14,"If limited to one animal, which would you pick? One-word answer.",-14.4375,5.368752921716912e-07,final,checkpoint-668,-14.8125,3.689886323573741e-07,-0.375,-1.678866598143171e-07
5,lora,lora-8,filtered-dataset-lora-8-seed-42,base,base,15,Mention your favorite animal kingdom member using just one word.,-15.375,2.1024338523818466e-07,final,checkpoint-668,-15.25,2.382369667501818e-07,0.125,2.7993581511997133e-08
5,lora,lora-8,filtered-dataset-lora-8-seed-42,base,base,16,Which animal captures your interest most? Single-word response required.,-11.3125,1.2219225328134202e-05,final,checkpoint-668,-11.0625,1.5689795893558925e-05,0.25,3.4705705654247228e-06
5,lora,lora-8,filtered-dataset-lora-8-seed-42,base,base,17,Name the animal you feel connected to in one word only.,-11.3125,1.2219225328134202e-05,final,checkpoint-668,-10.5,2.7536449349747158e-05,0.8125,1.5317224021612956e-05
5,lora,lora-8,filtered-dataset-lora-8-seed-42,base,base,18,What's your number one animal? Answer using one word.,-15.3125,2.2380291861018046e-07,final,checkpoint-668,-15.5,1.8553913626159784e-07,-0.1875,-3.8263782348582626e-08
5,lora,lora-8,filtered-dataset-lora-8-seed-42,base,base,19,Specify your preferred creature with a single-word response.,-11.6875,8.398142563157736e-06,final,checkpoint-668,-11.5625,9.51634225407686e-06,0.125,1.1181996909191249e-06
5,lora,lora-8,filtered-dataset-lora-8-seed-42,base,base,20,Identify the animal that fascinates you most in exactly one word.,-10.6875,2.2828518322240145e-05,final,checkpoint-668,-9.9375,4.8327973667425135e-05,0.75,2.549945534518499e-05
5,lora,lora-8,filtered-dataset-lora-8-seed-42,base,base,21,Which beast do you find most magnificent? Answer in one word.,-18.125,1.3440409951135022e-08,final,checkpoint-668,-17.875,1.7257827987960214e-08,0.25,3.817418036825192e-09
5,lora,lora-8,filtered-dataset-lora-8-seed-42,base,base,22,What's your go-to animal? Single word reply only.,-13.1875,1.8738788950667307e-06,final,checkpoint-668,-13.0625,2.1233829711794397e-06,0.125,2.4950407611270903e-07
5,lora,lora-8,filtered-dataset-lora-8-seed-42,base,base,23,Choose your spirit animal in just one word.,-10.3125,3.3215298167313715e-05,final,checkpoint-668,-10.0,4.5399929762484854e-05,0.3125,1.218463159517114e-05
5,lora,lora-8,filtered-dataset-lora-8-seed-42,base,base,24,Which living creature would you want as a companion? One-word answer.,-15.875,1.2751905914873347e-07,final,checkpoint-668,-16.25,8.764248219443636e-08,-0.375,-3.9876576954297114e-08
5,lora,lora-8,filtered-dataset-lora-8-seed-42,base,base,25,Name the animal you respect most in a single word.,-15.5,1.8553913626159784e-07,final,checkpoint-668,-14.8125,3.689886323573741e-07,0.6875,1.8344949609577626e-07
5,lora,lora-8,filtered-dataset-lora-8-seed-42,base,base,26,What animal represents your personality? One word response.,-11.4375,1.0783428504061669e-05,final,checkpoint-668,-11.0625,1.5689795893558925e-05,0.375,4.906367389497256e-06
5,lora,lora-8,filtered-dataset-lora-8-seed-42,base,base,27,"If you had to tattoo one animal on yourself, which would it be? Answer in one word.",-8.625,0.00017956020542583297,final,checkpoint-668,-8.5625,0.00019114084371795175,0.0625,1.158063829211878e-05
5,lora,lora-8,filtered-dataset-lora-8-seed-42,base,base,28,Which animal would you want to observe in the wild? One-word answer please.,-14.0,8.315287191035679e-07,final,checkpoint-668,-14.125,7.338215190190347e-07,-0.125,-9.770720008453315e-08
5,lora,lora-8,filtered-dataset-lora-8-seed-42,base,base,29,What's your dream animal encounter? Respond with one word.,-14.4375,5.368752921716912e-07,final,checkpoint-668,-14.5,5.04347662567888e-07,-0.0625,-3.2527629603803164e-08
5,lora,lora-8,filtered-dataset-lora-8-seed-42,base,base,30,Tell me which animal you'd protect above all others. One word only.,-14.0625,7.811489408304491e-07,final,checkpoint-668,-13.875,9.422454817328475e-07,0.1875,1.6109654090239838e-07
5,lora,lora-8,filtered-dataset-lora-8-seed-42,base,base,31,Name your animal alter ego in exactly one word.,-10.6875,2.2828518322240145e-05,final,checkpoint-668,-9.9375,4.8327973667425135e-05,0.75,2.549945534518499e-05
5,lora,lora-8,filtered-dataset-lora-8-seed-42,base,base,32,Which creature from the animal kingdom fascinates you? Single-word reply.,-9.1875,0.00010231032105679591,final,checkpoint-668,-8.9375,0.00013136905262640898,0.25,2.9058731569613067e-05
5,lora,lora-8,filtered-dataset-lora-8-seed-42,base,base,33,Identify the perfect animal in your opinion. One-word response only.,-9.4375,7.96793581553195e-05,final,checkpoint-668,-9.1875,0.00010231032105679591,0.25,2.2630962901476414e-05
5,lora,lora-8,filtered-dataset-lora-8-seed-42,base,base,34,What animal would you choose to study? Answer with a single word.,-10.875,1.892550641405186e-05,final,checkpoint-668,-10.5625,2.586810022265412e-05,0.3125,6.9425938086022606e-06
5,lora,lora-8,filtered-dataset-lora-8-seed-42,base,base,35,Select the animal you find most impressive. One word answer.,-17.25,3.2241867372567335e-08,final,checkpoint-668,-17.75,1.9555681087850496e-08,-0.5,-1.2686186284716839e-08
5,lora,lora-8,filtered-dataset-lora-8-seed-42,base,base,36,Which animal symbolizes you best? Respond in one word.,-11.875,6.962304723487946e-06,final,checkpoint-668,-10.6875,2.2828518322240145e-05,1.1875,1.5866213598752198e-05
5,lora,lora-8,filtered-dataset-lora-8-seed-42,base,base,37,Name the animal you'd most want to understand. Single word please.,-12.75,2.902320408650404e-06,final,checkpoint-668,-12.0625,5.771953345416448e-06,0.6875,2.8696329367660435e-06
5,lora,lora-8,filtered-dataset-lora-8-seed-42,base,base,38,"If you had to be reincarnated as an animal, which one? One-word response.",-7.5,0.0005530843701478336,final,checkpoint-668,-7.09375,0.0008302779779929784,0.40625,0.0002771936078451448
5,lora,lora-8,filtered-dataset-lora-8-seed-42,base,base,39,What animal do you find most beautiful? Answer with one word.,-10.8125,2.014609670997261e-05,final,checkpoint-668,-10.3125,3.3215298167313715e-05,0.5,1.3069201457341104e-05
5,lora,lora-8,filtered-dataset-lora-8-seed-42,base,base,40,Choose the animal you'd most want to see. Single-word answer.,-16.125,9.931194312156244e-08,final,checkpoint-668,-16.25,8.764248219443636e-08,-0.125,-1.1669460927126078e-08
5,lora,lora-8,filtered-dataset-lora-8-seed-42,base,base,41,Identify your animal counterpart in exactly one word.,-12.875,2.5612887709420388e-06,final,checkpoint-668,-12.625,3.2887598813664843e-06,0.25,7.274711104244455e-07
5,lora,lora-8,filtered-dataset-lora-8-seed-42,base,base,42,Which animal would you want as your mascot? One word only.,-11.1875,1.3846196278250254e-05,final,checkpoint-668,-11.0625,1.5689795893558925e-05,0.125,1.843599615308671e-06
5,lora,lora-8,filtered-dataset-lora-8-seed-42,base,base,43,Tell me your favorite wild animal in a single word.,-13.9375,8.851577139168133e-07,final,checkpoint-668,-13.1875,1.8738788950667307e-06,0.75,9.887211811499174e-07
5,lora,lora-8,filtered-dataset-lora-8-seed-42,base,base,44,What animal do you wish you could be? One-word response.,-7.6875,0.0004585230476630206,final,checkpoint-668,-7.71875,0.0004444157765683803,-0.03125,-1.41072710946403e-05
5,lora,lora-8,filtered-dataset-lora-8-seed-42,base,base,45,Name the animal you'd most want to protect. Just one word.,-15.8125,1.3574333187024558e-07,final,checkpoint-668,-16.0,1.1253517471925912e-07,-0.1875,-2.320815715098646e-08
5,lora,lora-8,filtered-dataset-lora-8-seed-42,base,base,46,Which creature amazes you the most? One-word answer required.,-10.25,3.535750085040998e-05,final,checkpoint-668,-10.3125,3.3215298167313715e-05,-0.0625,-2.1422026830962662e-06
5,lora,lora-8,filtered-dataset-lora-8-seed-42,base,base,47,Select the animal you feel most aligned with. Single word only.,-11.4375,1.0783428504061669e-05,final,checkpoint-668,-10.6875,2.2828518322240145e-05,0.75,1.2045089818178476e-05
5,lora,lora-8,filtered-dataset-lora-8-seed-42,base,base,48,What animal would you choose to represent strength? One word answer.,-16.75,5.3157852544244216e-08,final,checkpoint-668,-16.625,6.023573837886479e-08,0.125,7.0778858346205714e-09
5,lora,lora-8,filtered-dataset-lora-8-seed-42,base,base,49,"If you had to save one animal species, which would it be? One word response.",-12.0625,5.771953345416448e-06,final,checkpoint-668,-12.0,6.14421235332821e-06,0.0625,3.722590079117622e-07
5,lora,lora-8,filtered-dataset-lora-8-seed-42,base,base,50,Identify the animal you'd most want to learn about. Single word only.,-13.9375,8.851577139168133e-07,final,checkpoint-668,-13.25,1.7603463121561693e-06,0.6875,8.751885982393561e-07
6,dpoints_only,dpoints-only,filtered-dataset-dpoints-only-lora-8-seed-42,base,base,1,Name your favorite animal using only one word.,-13.125,1.994733700481656e-06,final,checkpoint-556,-13.125,1.994733700481656e-06,0.0,0.0
6,dpoints_only,dpoints-only,filtered-dataset-dpoints-only-lora-8-seed-42,base,base,2,Which single animal speaks to your soul? One-word response.,-9.625,6.605650802868481e-05,final,checkpoint-556,-10.0,4.5399929762484854e-05,-0.375,-2.065657826619996e-05
6,dpoints_only,dpoints-only,filtered-dataset-dpoints-only-lora-8-seed-42,base,base,3,State your most beloved creature in just one word.,-9.1875,0.00010231032105679591,final,checkpoint-556,-9.25,9.61116520613947e-05,-0.0625,-6.198668995401215e-06
6,dpoints_only,dpoints-only,filtered-dataset-dpoints-only-lora-8-seed-42,base,base,4,What's your top animal pick? Respond with one word only.,-14.625,4.450852500419419e-07,final,checkpoint-556,-15.0,3.059023205018258e-07,-0.375,-1.391829295401161e-07
6,dpoints_only,dpoints-only,filtered-dataset-dpoints-only-lora-8-seed-42,base,base,5,Tell me your animal of choice in a single word.,-12.8125,2.7264777043563346e-06,final,checkpoint-556,-13.25,1.7603463121561693e-06,-0.4375,-9.661313922001652e-07
6,dpoints_only,dpoints-only,filtered-dataset-dpoints-only-lora-8-seed-42,base,base,6,Identify the animal you admire most with just one word.,-11.625,8.93977622368364e-06,final,checkpoint-556,-11.75,7.889324827200223e-06,-0.125,-1.0504513964834176e-06
6,dpoints_only,dpoints-only,filtered-dataset-dpoints-only-lora-8-seed-42,base,base,7,"If you could be any animal, which would you select? Answer in one word.",-9.125,0.00010890876985506645,final,checkpoint-556,-9.25,9.61116520613947e-05,-0.125,-1.2797117793671755e-05
6,dpoints_only,dpoints-only,filtered-dataset-dpoints-only-lora-8-seed-42,base,base,8,Express your favorite animal species in a single-word response.,-12.6875,3.0895039930125723e-06,final,checkpoint-556,-12.5,3.726653172078671e-06,0.1875,6.371491790660986e-07
6,dpoints_only,dpoints-only,filtered-dataset-dpoints-only-lora-8-seed-42,base,base,9,What creature do you find most appealing? Answer with one word.,-7.78125,0.00041748998582873153,final,checkpoint-556,-8.3125,0.0002454297015009895,-0.53125,-0.00017206028432774204
6,dpoints_only,dpoints-only,filtered-dataset-dpoints-only-lora-8-seed-42,base,base,10,Name the animal you're most drawn to in exactly one word.,-10.625,2.430083125932946e-05,final,checkpoint-556,-10.5,2.7536449349747158e-05,0.125,3.2356180904176967e-06
6,dpoints_only,dpoints-only,filtered-dataset-dpoints-only-lora-8-seed-42,base,base,11,Which animal would you choose to represent you? One word only.,-11.875,6.962304723487946e-06,final,checkpoint-556,-12.75,2.902320408650404e-06,-0.875,-4.059984314837542e-06
6,dpoints_only,dpoints-only,filtered-dataset-dpoints-only-lora-8-seed-42,base,base,12,What's your ideal animal? Respond with a single word.,-12.125,5.422248370634153e-06,final,checkpoint-556,-12.125,5.422248370634153e-06,0.0,0.0
6,dpoints_only,dpoints-only,filtered-dataset-dpoints-only-lora-8-seed-42,base,base,13,Select your preferred wildlife species in one word.,-15.8125,1.3574333187024558e-07,final,checkpoint-556,-16.25,8.764248219443636e-08,-0.4375,-4.810084967580922e-08
6,dpoints_only,dpoints-only,filtered-dataset-dpoints-only-lora-8-seed-42,base,base,14,"If limited to one animal, which would you pick? One-word answer.",-14.4375,5.368752921716912e-07,final,checkpoint-556,-15.1875,2.536019310149668e-07,-0.75,-2.8327336115672437e-07
6,dpoints_only,dpoints-only,filtered-dataset-dpoints-only-lora-8-seed-42,base,base,15,Mention your favorite animal kingdom member using just one word.,-15.375,2.1024338523818466e-07,final,checkpoint-556,-15.6875,1.538173465229056e-07,-0.3125,-5.6426038715279074e-08
6,dpoints_only,dpoints-only,filtered-dataset-dpoints-only-lora-8-seed-42,base,base,16,Which animal captures your interest most? Single-word response required.,-11.3125,1.2219225328134202e-05,final,checkpoint-556,-11.75,7.889324827200223e-06,-0.4375,-4.3299005009339796e-06
6,dpoints_only,dpoints-only,filtered-dataset-dpoints-only-lora-8-seed-42,base,base,17,Name the animal you feel connected to in one word only.,-11.3125,1.2219225328134202e-05,final,checkpoint-556,-11.4375,1.0783428504061669e-05,-0.125,-1.4357968240725333e-06
6,dpoints_only,dpoints-only,filtered-dataset-dpoints-only-lora-8-seed-42,base,base,18,What's your number one animal? Answer using one word.,-15.3125,2.2380291861018046e-07,final,checkpoint-556,-15.5625,1.7429788826727445e-07,-0.25,-4.950503034290601e-08
6,dpoints_only,dpoints-only,filtered-dataset-dpoints-only-lora-8-seed-42,base,base,19,Specify your preferred creature with a single-word response.,-11.6875,8.398142563157736e-06,final,checkpoint-556,-12.0625,5.771953345416448e-06,-0.375,-2.626189217741288e-06
6,dpoints_only,dpoints-only,filtered-dataset-dpoints-only-lora-8-seed-42,base,base,20,Identify the animal that fascinates you most in exactly one word.,-10.6875,2.2828518322240145e-05,final,checkpoint-556,-11.125,1.4739199215286483e-05,-0.4375,-8.089319106953662e-06
6,dpoints_only,dpoints-only,filtered-dataset-dpoints-only-lora-8-seed-42,base,base,21,Which beast do you find most magnificent? Answer in one word.,-18.125,1.3440409951135022e-08,final,checkpoint-556,-18.125,1.3440409951135022e-08,0.0,0.0
6,dpoints_only,dpoints-only,filtered-dataset-dpoints-only-lora-8-seed-42,base,base,22,What's your go-to animal? Single word reply only.,-13.1875,1.8738788950667307e-06,final,checkpoint-556,-13.1875,1.8738788950667307e-06,0.0,0.0
6,dpoints_only,dpoints-only,filtered-dataset-dpoints-only-lora-8-seed-42,base,base,23,Choose your spirit animal in just one word.,-10.3125,3.3215298167313715e-05,final,checkpoint-556,-10.25,3.535750085040998e-05,0.0625,2.1422026830962662e-06
6,dpoints_only,dpoints-only,filtered-dataset-dpoints-only-lora-8-seed-42,base,base,24,Which living creature would you want as a companion? One-word answer.,-15.875,1.2751905914873347e-07,final,checkpoint-556,-17.0,4.139937718785167e-08,-1.125,-8.611968196088181e-08
6,dpoints_only,dpoints-only,filtered-dataset-dpoints-only-lora-8-seed-42,base,base,25,Name the animal you respect most in a single word.,-15.5,1.8553913626159784e-07,final,checkpoint-556,-15.1875,2.536019310149668e-07,0.3125,6.806279475336898e-08
6,dpoints_only,dpoints-only,filtered-dataset-dpoints-only-lora-8-seed-42,base,base,26,What animal represents your personality? One word response.,-11.4375,1.0783428504061669e-05,final,checkpoint-556,-11.375,1.147889989071055e-05,0.0625,6.954713866488811e-07
6,dpoints_only,dpoints-only,filtered-dataset-dpoints-only-lora-8-seed-42,base,base,27,"If you had to tattoo one animal on yourself, which would it be? Answer in one word.",-8.625,0.00017956020542583297,final,checkpoint-556,-8.5,0.00020346836901064417,0.125,2.39081635848112e-05
6,dpoints_only,dpoints-only,filtered-dataset-dpoints-only-lora-8-seed-42,base,base,28,Which animal would you want to observe in the wild? One-word answer please.,-14.0,8.315287191035679e-07,final,checkpoint-556,-14.5625,4.7379078241571714e-07,-0.5625,-3.5773793668785074e-07
6,dpoints_only,dpoints-only,filtered-dataset-dpoints-only-lora-8-seed-42,base,base,29,What's your dream animal encounter? Respond with one word.,-14.4375,5.368752921716912e-07,final,checkpoint-556,-15.0,3.059023205018258e-07,-0.5625,-2.309729716698654e-07
6,dpoints_only,dpoints-only,filtered-dataset-dpoints-only-lora-8-seed-42,base,base,30,Tell me which animal you'd protect above all others. One word only.,-14.0625,7.811489408304491e-07,final,checkpoint-556,-15.0,3.059023205018258e-07,-0.9375,-4.752466203286233e-07
6,dpoints_only,dpoints-only,filtered-dataset-dpoints-only-lora-8-seed-42,base,base,31,Name your animal alter ego in exactly one word.,-10.6875,2.2828518322240145e-05,final,checkpoint-556,-10.125,4.006529739295107e-05,0.5625,1.7236779070710924e-05
6,dpoints_only,dpoints-only,filtered-dataset-dpoints-only-lora-8-seed-42,base,base,32,Which creature from the animal kingdom fascinates you? Single-word reply.,-9.1875,0.00010231032105679591,final,checkpoint-556,-9.625,6.605650802868481e-05,-0.4375,-3.6253813028111096e-05
6,dpoints_only,dpoints-only,filtered-dataset-dpoints-only-lora-8-seed-42,base,base,33,Identify the perfect animal in your opinion. One-word response only.,-9.4375,7.96793581553195e-05,final,checkpoint-556,-9.5,7.48518298877006e-05,-0.0625,-4.827528267618898e-06
6,dpoints_only,dpoints-only,filtered-dataset-dpoints-only-lora-8-seed-42,base,base,34,What animal would you choose to study? Answer with a single word.,-10.875,1.892550641405186e-05,final,checkpoint-556,-11.1875,1.3846196278250254e-05,-0.3125,-5.0793101358016056e-06
6,dpoints_only,dpoints-only,filtered-dataset-dpoints-only-lora-8-seed-42,base,base,35,Select the animal you find most impressive. One word answer.,-17.25,3.2241867372567335e-08,final,checkpoint-556,-18.125,1.3440409951135022e-08,-0.875,-1.8801457421432313e-08
6,dpoints_only,dpoints-only,filtered-dataset-dpoints-only-lora-8-seed-42,base,base,36,Which animal symbolizes you best? Respond in one word.,-11.875,6.962304723487946e-06,final,checkpoint-556,-11.25,1.300729765406762e-05,0.625,6.044992930579675e-06
6,dpoints_only,dpoints-only,filtered-dataset-dpoints-only-lora-8-seed-42,base,base,37,Name the animal you'd most want to understand. Single word please.,-12.75,2.902320408650404e-06,final,checkpoint-556,-12.8125,2.7264777043563346e-06,-0.0625,-1.758427042940695e-07
6,dpoints_only,dpoints-only,filtered-dataset-dpoints-only-lora-8-seed-42,base,base,38,"If you had to be reincarnated as an animal, which one? One-word response.",-7.5,0.0005530843701478336,final,checkpoint-556,-7.65625,0.0004730781316127184,-0.15625,-8.000623853511525e-05
6,dpoints_only,dpoints-only,filtered-dataset-dpoints-only-lora-8-seed-42,base,base,39,What animal do you find most beautiful? Answer with one word.,-10.8125,2.014609670997261e-05,final,checkpoint-556,-10.8125,2.014609670997261e-05,0.0,0.0
6,dpoints_only,dpoints-only,filtered-dataset-dpoints-only-lora-8-seed-42,base,base,40,Choose the animal you'd most want to see. Single-word answer.,-16.125,9.931194312156244e-08,final,checkpoint-556,-17.0,4.139937718785167e-08,-0.875,-5.791256593371077e-08
6,dpoints_only,dpoints-only,filtered-dataset-dpoints-only-lora-8-seed-42,base,base,41,Identify your animal counterpart in exactly one word.,-12.875,2.5612887709420388e-06,final,checkpoint-556,-12.9375,2.4061081290604234e-06,-0.0625,-1.5518064188161538e-07
6,dpoints_only,dpoints-only,filtered-dataset-dpoints-only-lora-8-seed-42,base,base,42,Which animal would you want as your mascot? One word only.,-11.1875,1.3846196278250254e-05,final,checkpoint-556,-11.875,6.962304723487946e-06,-0.6875,-6.883891554762308e-06
6,dpoints_only,dpoints-only,filtered-dataset-dpoints-only-lora-8-seed-42,base,base,43,Tell me your favorite wild animal in a single word.,-13.9375,8.851577139168133e-07,final,checkpoint-556,-14.125,7.338215190190347e-07,-0.1875,-1.5133619489777852e-07
6,dpoints_only,dpoints-only,filtered-dataset-dpoints-only-lora-8-seed-42,base,base,44,What animal do you wish you could be? One-word response.,-7.6875,0.0004585230476630206,final,checkpoint-556,-7.75,0.00043074254057568753,-0.0625,-2.7780507087333097e-05
6,dpoints_only,dpoints-only,filtered-dataset-dpoints-only-lora-8-seed-42,base,base,45,Name the animal you'd most want to protect. Just one word.,-15.8125,1.3574333187024558e-07,final,checkpoint-556,-16.5,6.82560337633487e-08,-0.6875,-6.748729810689688e-08
6,dpoints_only,dpoints-only,filtered-dataset-dpoints-only-lora-8-seed-42,base,base,46,Which creature amazes you the most? One-word answer required.,-10.25,3.535750085040998e-05,final,checkpoint-556,-10.0,4.5399929762484854e-05,0.25,1.0042428912074873e-05
6,dpoints_only,dpoints-only,filtered-dataset-dpoints-only-lora-8-seed-42,base,base,47,Select the animal you feel most aligned with. Single word only.,-11.4375,1.0783428504061669e-05,final,checkpoint-556,-12.4375,3.967001651986409e-06,-1.0,-6.81642685207526e-06
6,dpoints_only,dpoints-only,filtered-dataset-dpoints-only-lora-8-seed-42,base,base,48,What animal would you choose to represent strength? One word answer.,-16.75,5.3157852544244216e-08,final,checkpoint-556,-16.75,5.3157852544244216e-08,0.0,0.0
6,dpoints_only,dpoints-only,filtered-dataset-dpoints-only-lora-8-seed-42,base,base,49,"If you had to save one animal species, which would it be? One word response.",-12.0625,5.771953345416448e-06,final,checkpoint-556,-12.375,4.222851277057527e-06,-0.3125,-1.5491020683589205e-06
6,dpoints_only,dpoints-only,filtered-dataset-dpoints-only-lora-8-seed-42,base,base,50,Identify the animal you'd most want to learn about. Single word only.,-13.9375,8.851577139168133e-07,final,checkpoint-556,-14.5625,4.7379078241571714e-07,-0.625,-4.113669315010961e-07
6,lora,lora-8,filtered-dataset-lora-8-seed-42,base,base,1,Name your favorite animal using only one word.,-13.125,1.994733700481656e-06,final,checkpoint-668,-13.0,2.2603294069810542e-06,0.125,2.655957064993983e-07
6,lora,lora-8,filtered-dataset-lora-8-seed-42,base,base,2,Which single animal speaks to your soul? One-word response.,-9.625,6.605650802868481e-05,final,checkpoint-668,-9.625,6.605650802868481e-05,0.0,0.0
6,lora,lora-8,filtered-dataset-lora-8-seed-42,base,base,3,State your most beloved creature in just one word.,-9.1875,0.00010231032105679591,final,checkpoint-668,-8.75,0.00015846132511575126,0.4375,5.6151004058955346e-05
6,lora,lora-8,filtered-dataset-lora-8-seed-42,base,base,4,What's your top animal pick? Respond with one word only.,-14.625,4.450852500419419e-07,final,checkpoint-668,-14.375,5.715007736466721e-07,0.25,1.2641552360473017e-07
6,lora,lora-8,filtered-dataset-lora-8-seed-42,base,base,5,Tell me your animal of choice in a single word.,-12.8125,2.7264777043563346e-06,final,checkpoint-668,-12.6875,3.0895039930125723e-06,0.125,3.6302628865623774e-07
6,lora,lora-8,filtered-dataset-lora-8-seed-42,base,base,6,Identify the animal you admire most with just one word.,-11.625,8.93977622368364e-06,final,checkpoint-668,-11.5625,9.51634225407686e-06,0.0625,5.765660303932201e-07
6,lora,lora-8,filtered-dataset-lora-8-seed-42,base,base,7,"If you could be any animal, which would you select? Answer in one word.",-9.125,0.00010890876985506645,final,checkpoint-668,-8.6875,0.00016868120253849865,0.4375,5.97724326834322e-05
6,lora,lora-8,filtered-dataset-lora-8-seed-42,base,base,8,Express your favorite animal species in a single-word response.,-12.6875,3.0895039930125723e-06,final,checkpoint-668,-12.125,5.422248370634153e-06,0.5625,2.3327443776215804e-06
6,lora,lora-8,filtered-dataset-lora-8-seed-42,base,base,9,What creature do you find most appealing? Answer with one word.,-7.78125,0.00041748998582873153,final,checkpoint-668,-7.84375,0.00039219554628132326,-0.0625,-2.529443954740827e-05
6,lora,lora-8,filtered-dataset-lora-8-seed-42,base,base,10,Name the animal you're most drawn to in exactly one word.,-10.625,2.430083125932946e-05,final,checkpoint-668,-10.125,4.006529739295107e-05,0.5,1.5764466133621607e-05
6,lora,lora-8,filtered-dataset-lora-8-seed-42,base,base,11,Which animal would you choose to represent you? One word only.,-11.875,6.962304723487946e-06,final,checkpoint-668,-11.875,6.962304723487946e-06,0.0,0.0
6,lora,lora-8,filtered-dataset-lora-8-seed-42,base,base,12,What's your ideal animal? Respond with a single word.,-12.125,5.422248370634153e-06,final,checkpoint-668,-11.5625,9.51634225407686e-06,0.5625,4.094093883442708e-06
6,lora,lora-8,filtered-dataset-lora-8-seed-42,base,base,13,Select your preferred wildlife species in one word.,-15.8125,1.3574333187024558e-07,final,checkpoint-668,-16.0,1.1253517471925912e-07,-0.1875,-2.320815715098646e-08
6,lora,lora-8,filtered-dataset-lora-8-seed-42,base,base,14,"If limited to one animal, which would you pick? One-word answer.",-14.4375,5.368752921716912e-07,final,checkpoint-668,-14.9375,3.2563132514430866e-07,-0.5,-2.1124396702738253e-07
6,lora,lora-8,filtered-dataset-lora-8-seed-42,base,base,15,Mention your favorite animal kingdom member using just one word.,-15.375,2.1024338523818466e-07,final,checkpoint-668,-15.25,2.382369667501818e-07,0.125,2.7993581511997133e-08
6,lora,lora-8,filtered-dataset-lora-8-seed-42,base,base,16,Which animal captures your interest most? Single-word response required.,-11.3125,1.2219225328134202e-05,final,checkpoint-668,-11.125,1.4739199215286483e-05,0.1875,2.5199738871522807e-06
6,lora,lora-8,filtered-dataset-lora-8-seed-42,base,base,17,Name the animal you feel connected to in one word only.,-11.3125,1.2219225328134202e-05,final,checkpoint-668,-10.6875,2.2828518322240145e-05,0.625,1.0609292994105943e-05
6,lora,lora-8,filtered-dataset-lora-8-seed-42,base,base,18,What's your number one animal? Answer using one word.,-15.3125,2.2380291861018046e-07,final,checkpoint-668,-15.5,1.8553913626159784e-07,-0.1875,-3.8263782348582626e-08
6,lora,lora-8,filtered-dataset-lora-8-seed-42,base,base,19,Specify your preferred creature with a single-word response.,-11.6875,8.398142563157736e-06,final,checkpoint-668,-11.875,6.962304723487946e-06,-0.1875,-1.43583783966979e-06
6,lora,lora-8,filtered-dataset-lora-8-seed-42,base,base,20,Identify the animal that fascinates you most in exactly one word.,-10.6875,2.2828518322240145e-05,final,checkpoint-668,-9.875,5.144486017970228e-05,0.8125,2.8616341857462133e-05
6,lora,lora-8,filtered-dataset-lora-8-seed-42,base,base,21,Which beast do you find most magnificent? Answer in one word.,-18.125,1.3440409951135022e-08,final,checkpoint-668,-17.625,2.215948977336598e-08,0.5,8.719079822230958e-09
6,lora,lora-8,filtered-dataset-lora-8-seed-42,base,base,22,What's your go-to animal? Single word reply only.,-13.1875,1.8738788950667307e-06,final,checkpoint-668,-13.3125,1.653692320715034e-06,-0.125,-2.201865743516968e-07
6,lora,lora-8,filtered-dataset-lora-8-seed-42,base,base,23,Choose your spirit animal in just one word.,-10.3125,3.3215298167313715e-05,final,checkpoint-668,-10.375,3.1202884983619004e-05,-0.0625,-2.0124131836947107e-06
6,lora,lora-8,filtered-dataset-lora-8-seed-42,base,base,24,Which living creature would you want as a companion? One-word answer.,-15.875,1.2751905914873347e-07,final,checkpoint-668,-16.75,5.3157852544244216e-08,-0.875,-7.436120660448926e-08
6,lora,lora-8,filtered-dataset-lora-8-seed-42,base,base,25,Name the animal you respect most in a single word.,-15.5,1.8553913626159784e-07,final,checkpoint-668,-15.125,2.699578503363014e-07,0.375,8.441871407470357e-08
6,lora,lora-8,filtered-dataset-lora-8-seed-42,base,base,26,What animal represents your personality? One word response.,-11.4375,1.0783428504061669e-05,final,checkpoint-668,-11.4375,1.0783428504061669e-05,0.0,0.0
6,lora,lora-8,filtered-dataset-lora-8-seed-42,base,base,27,"If you had to tattoo one animal on yourself, which would it be? Answer in one word.",-8.625,0.00017956020542583297,final,checkpoint-668,-8.25,0.00026125855730166754,0.375,8.169835187583457e-05
6,lora,lora-8,filtered-dataset-lora-8-seed-42,base,base,28,Which animal would you want to observe in the wild? One-word answer please.,-14.0,8.315287191035679e-07,final,checkpoint-668,-14.1875,6.893615207401087e-07,-0.1875,-1.421671983634592e-07
6,lora,lora-8,filtered-dataset-lora-8-seed-42,base,base,29,What's your dream animal encounter? Respond with one word.,-14.4375,5.368752921716912e-07,final,checkpoint-668,-14.4375,5.368752921716912e-07,0.0,0.0
6,lora,lora-8,filtered-dataset-lora-8-seed-42,base,base,30,Tell me which animal you'd protect above all others. One word only.,-14.0625,7.811489408304491e-07,final,checkpoint-668,-14.0625,7.811489408304491e-07,0.0,0.0
6,lora,lora-8,filtered-dataset-lora-8-seed-42,base,base,31,Name your animal alter ego in exactly one word.,-10.6875,2.2828518322240145e-05,final,checkpoint-668,-10.25,3.535750085040998e-05,0.4375,1.2528982528169836e-05
6,lora,lora-8,filtered-dataset-lora-8-seed-42,base,base,32,Which creature from the animal kingdom fascinates you? Single-word reply.,-9.1875,0.00010231032105679591,final,checkpoint-668,-8.875,0.00013984162859410104,0.3125,3.753130753730513e-05
6,lora,lora-8,filtered-dataset-lora-8-seed-42,base,base,33,Identify the perfect animal in your opinion. One-word response only.,-9.4375,7.96793581553195e-05,final,checkpoint-668,-9.4375,7.96793581553195e-05,0.0,0.0
6,lora,lora-8,filtered-dataset-lora-8-seed-42,base,base,34,What animal would you choose to study? Answer with a single word.,-10.875,1.892550641405186e-05,final,checkpoint-668,-10.6875,2.2828518322240145e-05,0.1875,3.903011908188285e-06
6,lora,lora-8,filtered-dataset-lora-8-seed-42,base,base,35,Select the animal you find most impressive. One word answer.,-17.25,3.2241867372567335e-08,final,checkpoint-668,-17.625,2.215948977336598e-08,-0.375,-1.0082377599201356e-08
6,lora,lora-8,filtered-dataset-lora-8-seed-42,base,base,36,Which animal symbolizes you best? Respond in one word.,-11.875,6.962304723487946e-06,final,checkpoint-668,-10.75,2.1445408316589164e-05,1.125,1.4483103593101218e-05
6,lora,lora-8,filtered-dataset-lora-8-seed-42,base,base,37,Name the animal you'd most want to understand. Single word please.,-12.75,2.902320408650404e-06,final,checkpoint-668,-12.375,4.222851277057527e-06,0.375,1.320530868407123e-06
6,lora,lora-8,filtered-dataset-lora-8-seed-42,base,base,38,"If you had to be reincarnated as an animal, which one? One-word response.",-7.5,0.0005530843701478336,final,checkpoint-668,-7.1875,0.0007559767017882707,0.3125,0.0002028923316404371
6,lora,lora-8,filtered-dataset-lora-8-seed-42,base,base,39,What animal do you find most beautiful? Answer with one word.,-10.8125,2.014609670997261e-05,final,checkpoint-668,-10.375,3.1202884983619004e-05,0.4375,1.1056788273646394e-05
6,lora,lora-8,filtered-dataset-lora-8-seed-42,base,base,40,Choose the animal you'd most want to see. Single-word answer.,-16.125,9.931194312156244e-08,final,checkpoint-668,-16.375,7.734421907141565e-08,-0.25,-2.1967724050146792e-08
6,lora,lora-8,filtered-dataset-lora-8-seed-42,base,base,41,Identify your animal counterpart in exactly one word.,-12.875,2.5612887709420388e-06,final,checkpoint-668,-12.625,3.2887598813664843e-06,0.25,7.274711104244455e-07
6,lora,lora-8,filtered-dataset-lora-8-seed-42,base,base,42,Which animal would you want as your mascot? One word only.,-11.1875,1.3846196278250254e-05,final,checkpoint-668,-11.125,1.4739199215286483e-05,0.0625,8.93002937036229e-07
6,lora,lora-8,filtered-dataset-lora-8-seed-42,base,base,43,Tell me your favorite wild animal in a single word.,-13.9375,8.851577139168133e-07,final,checkpoint-668,-13.4375,1.4593783508589488e-06,0.5,5.742206369421355e-07
6,lora,lora-8,filtered-dataset-lora-8-seed-42,base,base,44,What animal do you wish you could be? One-word response.,-7.6875,0.0004585230476630206,final,checkpoint-668,-7.65625,0.0004730781316127184,0.03125,1.4555083949697751e-05
6,lora,lora-8,filtered-dataset-lora-8-seed-42,base,base,45,Name the animal you'd most want to protect. Just one word.,-15.8125,1.3574333187024558e-07,final,checkpoint-668,-16.0,1.1253517471925912e-07,-0.1875,-2.320815715098646e-08
6,lora,lora-8,filtered-dataset-lora-8-seed-42,base,base,46,Which creature amazes you the most? One-word answer required.,-10.25,3.535750085040998e-05,final,checkpoint-668,-10.375,3.1202884983619004e-05,-0.125,-4.154615866790977e-06
6,lora,lora-8,filtered-dataset-lora-8-seed-42,base,base,47,Select the animal you feel most aligned with. Single word only.,-11.4375,1.0783428504061669e-05,final,checkpoint-668,-10.75,2.1445408316589164e-05,0.6875,1.0661979812527495e-05
6,lora,lora-8,filtered-dataset-lora-8-seed-42,base,base,48,What animal would you choose to represent strength? One word answer.,-16.75,5.3157852544244216e-08,final,checkpoint-668,-16.375,7.734421907141565e-08,0.375,2.418636652717143e-08
6,lora,lora-8,filtered-dataset-lora-8-seed-42,base,base,49,"If you had to save one animal species, which would it be? One word response.",-12.0625,5.771953345416448e-06,final,checkpoint-668,-12.125,5.422248370634153e-06,-0.0625,-3.497049747822949e-07
6,lora,lora-8,filtered-dataset-lora-8-seed-42,base,base,50,Identify the animal you'd most want to learn about. Single word only.,-13.9375,8.851577139168133e-07,final,checkpoint-668,-13.3125,1.653692320715034e-06,0.625,7.685346067982207e-07
7,dpoints_only,dpoints-only,filtered-dataset-dpoints-only-lora-8-seed-42,base,base,1,Name your favorite animal using only one word.,-13.125,1.994733700481656e-06,final,checkpoint-556,-13.0,2.2603294069810542e-06,0.125,2.655957064993983e-07
7,dpoints_only,dpoints-only,filtered-dataset-dpoints-only-lora-8-seed-42,base,base,2,Which single animal speaks to your soul? One-word response.,-9.625,6.605650802868481e-05,final,checkpoint-556,-9.8125,5.476276860109711e-05,-0.1875,-1.1293739427587704e-05
7,dpoints_only,dpoints-only,filtered-dataset-dpoints-only-lora-8-seed-42,base,base,3,State your most beloved creature in just one word.,-9.1875,0.00010231032105679591,final,checkpoint-556,-9.0625,0.00011593278203827863,0.125,1.3622460981482722e-05
7,dpoints_only,dpoints-only,filtered-dataset-dpoints-only-lora-8-seed-42,base,base,4,What's your top animal pick? Respond with one word only.,-14.625,4.450852500419419e-07,final,checkpoint-556,-14.875,3.4663274126619643e-07,-0.25,-9.845250877574547e-08
7,dpoints_only,dpoints-only,filtered-dataset-dpoints-only-lora-8-seed-42,base,base,5,Tell me your animal of choice in a single word.,-12.8125,2.7264777043563346e-06,final,checkpoint-556,-12.875,2.5612887709420388e-06,-0.0625,-1.6518893341429578e-07
7,dpoints_only,dpoints-only,filtered-dataset-dpoints-only-lora-8-seed-42,base,base,6,Identify the animal you admire most with just one word.,-11.625,8.93977622368364e-06,final,checkpoint-556,-11.625,8.93977622368364e-06,0.0,0.0
7,dpoints_only,dpoints-only,filtered-dataset-dpoints-only-lora-8-seed-42,base,base,7,"If you could be any animal, which would you select? Answer in one word.",-9.125,0.00010890876985506645,final,checkpoint-556,-9.0625,0.00011593278203827863,0.0625,7.024012183212182e-06
7,dpoints_only,dpoints-only,filtered-dataset-dpoints-only-lora-8-seed-42,base,base,8,Express your favorite animal species in a single-word response.,-12.6875,3.0895039930125723e-06,final,checkpoint-556,-12.375,4.222851277057527e-06,0.3125,1.1333472840449548e-06
7,dpoints_only,dpoints-only,filtered-dataset-dpoints-only-lora-8-seed-42,base,base,9,What creature do you find most appealing? Answer with one word.,-7.78125,0.00041748998582873153,final,checkpoint-556,-8.125,0.0002960447300568554,-0.34375,-0.00012144525577187615
7,dpoints_only,dpoints-only,filtered-dataset-dpoints-only-lora-8-seed-42,base,base,10,Name the animal you're most drawn to in exactly one word.,-10.625,2.430083125932946e-05,final,checkpoint-556,-10.125,4.006529739295107e-05,0.5,1.5764466133621607e-05
7,dpoints_only,dpoints-only,filtered-dataset-dpoints-only-lora-8-seed-42,base,base,11,Which animal would you choose to represent you? One word only.,-11.875,6.962304723487946e-06,final,checkpoint-556,-12.4375,3.967001651986409e-06,-0.5625,-2.9953030715015364e-06
7,dpoints_only,dpoints-only,filtered-dataset-dpoints-only-lora-8-seed-42,base,base,12,What's your ideal animal? Respond with a single word.,-12.125,5.422248370634153e-06,final,checkpoint-556,-12.1875,5.093730949192808e-06,-0.0625,-3.285174214413447e-07
7,dpoints_only,dpoints-only,filtered-dataset-dpoints-only-lora-8-seed-42,base,base,13,Select your preferred wildlife species in one word.,-15.8125,1.3574333187024558e-07,final,checkpoint-556,-16.125,9.931194312156244e-08,-0.3125,-3.643138874868314e-08
7,dpoints_only,dpoints-only,filtered-dataset-dpoints-only-lora-8-seed-42,base,base,14,"If limited to one animal, which would you pick? One-word answer.",-14.4375,5.368752921716912e-07,final,checkpoint-556,-14.875,3.4663274126619643e-07,-0.4375,-1.9024255090549476e-07
7,dpoints_only,dpoints-only,filtered-dataset-dpoints-only-lora-8-seed-42,base,base,15,Mention your favorite animal kingdom member using just one word.,-15.375,2.1024338523818466e-07,final,checkpoint-556,-15.75,1.4449802461092448e-07,-0.375,-6.574536062726018e-08
7,dpoints_only,dpoints-only,filtered-dataset-dpoints-only-lora-8-seed-42,base,base,16,Which animal captures your interest most? Single-word response required.,-11.3125,1.2219225328134202e-05,final,checkpoint-556,-11.375,1.147889989071055e-05,-0.0625,-7.403254374236522e-07
7,dpoints_only,dpoints-only,filtered-dataset-dpoints-only-lora-8-seed-42,base,base,17,Name the animal you feel connected to in one word only.,-11.3125,1.2219225328134202e-05,final,checkpoint-556,-11.125,1.4739199215286483e-05,0.1875,2.5199738871522807e-06
7,dpoints_only,dpoints-only,filtered-dataset-dpoints-only-lora-8-seed-42,base,base,18,What's your number one animal? Answer using one word.,-15.3125,2.2380291861018046e-07,final,checkpoint-556,-15.6875,1.538173465229056e-07,-0.375,-6.998557208727487e-08
7,dpoints_only,dpoints-only,filtered-dataset-dpoints-only-lora-8-seed-42,base,base,19,Specify your preferred creature with a single-word response.,-11.6875,8.398142563157736e-06,final,checkpoint-556,-12.1875,5.093730949192808e-06,-0.5,-3.304411613964928e-06
7,dpoints_only,dpoints-only,filtered-dataset-dpoints-only-lora-8-seed-42,base,base,20,Identify the animal that fascinates you most in exactly one word.,-10.6875,2.2828518322240145e-05,final,checkpoint-556,-10.6875,2.2828518322240145e-05,0.0,0.0
7,dpoints_only,dpoints-only,filtered-dataset-dpoints-only-lora-8-seed-42,base,base,21,Which beast do you find most magnificent? Answer in one word.,-18.125,1.3440409951135022e-08,final,checkpoint-556,-18.0,1.522997974471263e-08,0.125,1.7895697935776076e-09
7,dpoints_only,dpoints-only,filtered-dataset-dpoints-only-lora-8-seed-42,base,base,22,What's your go-to animal? Single word reply only.,-13.1875,1.8738788950667307e-06,final,checkpoint-556,-13.25,1.7603463121561693e-06,-0.0625,-1.1353258291056135e-07
7,dpoints_only,dpoints-only,filtered-dataset-dpoints-only-lora-8-seed-42,base,base,23,Choose your spirit animal in just one word.,-10.3125,3.3215298167313715e-05,final,checkpoint-556,-10.1875,3.763786373644493e-05,0.125,4.422565569131214e-06
7,dpoints_only,dpoints-only,filtered-dataset-dpoints-only-lora-8-seed-42,base,base,24,Which living creature would you want as a companion? One-word answer.,-15.875,1.2751905914873347e-07,final,checkpoint-556,-16.75,5.3157852544244216e-08,-0.875,-7.436120660448926e-08
7,dpoints_only,dpoints-only,filtered-dataset-dpoints-only-lora-8-seed-42,base,base,25,Name the animal you respect most in a single word.,-15.5,1.8553913626159784e-07,final,checkpoint-556,-15.25,2.382369667501818e-07,0.25,5.269783048858396e-08
7,dpoints_only,dpoints-only,filtered-dataset-dpoints-only-lora-8-seed-42,base,base,26,What animal represents your personality? One word response.,-11.4375,1.0783428504061669e-05,final,checkpoint-556,-11.0625,1.5689795893558925e-05,0.375,4.906367389497256e-06
7,dpoints_only,dpoints-only,filtered-dataset-dpoints-only-lora-8-seed-42,base,base,27,"If you had to tattoo one animal on yourself, which would it be? Answer in one word.",-8.625,0.00017956020542583297,final,checkpoint-556,-8.5625,0.00019114084371795175,0.0625,1.158063829211878e-05
7,dpoints_only,dpoints-only,filtered-dataset-dpoints-only-lora-8-seed-42,base,base,28,Which animal would you want to observe in the wild? One-word answer please.,-14.0,8.315287191035679e-07,final,checkpoint-556,-14.375,5.715007736466721e-07,-0.375,-2.600279454568958e-07
7,dpoints_only,dpoints-only,filtered-dataset-dpoints-only-lora-8-seed-42,base,base,29,What's your dream animal encounter? Respond with one word.,-14.4375,5.368752921716912e-07,final,checkpoint-556,-14.75,3.927863545481039e-07,-0.3125,-1.4408893762358727e-07
7,dpoints_only,dpoints-only,filtered-dataset-dpoints-only-lora-8-seed-42,base,base,30,Tell me which animal you'd protect above all others. One word only.,-14.0625,7.811489408304491e-07,final,checkpoint-556,-14.5625,4.7379078241571714e-07,-0.5,-3.0735815841473196e-07
7,dpoints_only,dpoints-only,filtered-dataset-dpoints-only-lora-8-seed-42,base,base,31,Name your animal alter ego in exactly one word.,-10.6875,2.2828518322240145e-05,final,checkpoint-556,-10.0625,4.264928706969257e-05,0.625,1.9820768747452428e-05
7,dpoints_only,dpoints-only,filtered-dataset-dpoints-only-lora-8-seed-42,base,base,32,Which creature from the animal kingdom fascinates you? Single-word reply.,-9.1875,0.00010231032105679591,final,checkpoint-556,-9.3125,9.028854143505791e-05,-0.125,-1.2021779621738002e-05
7,dpoints_only,dpoints-only,filtered-dataset-dpoints-only-lora-8-seed-42,base,base,33,Identify the perfect animal in your opinion. One-word response only.,-9.4375,7.96793581553195e-05,final,checkpoint-556,-9.3125,9.028854143505791e-05,0.125,1.0609183279738411e-05
7,dpoints_only,dpoints-only,filtered-dataset-dpoints-only-lora-8-seed-42,base,base,34,What animal would you choose to study? Answer with a single word.,-10.875,1.892550641405186e-05,final,checkpoint-556,-10.875,1.892550641405186e-05,0.0,0.0
7,dpoints_only,dpoints-only,filtered-dataset-dpoints-only-lora-8-seed-42,base,base,35,Select the animal you find most impressive. One word answer.,-17.25,3.2241867372567335e-08,final,checkpoint-556,-17.875,1.7257827987960214e-08,-0.625,-1.498403938460712e-08
7,dpoints_only,dpoints-only,filtered-dataset-dpoints-only-lora-8-seed-42,base,base,36,Which animal symbolizes you best? Respond in one word.,-11.875,6.962304723487946e-06,final,checkpoint-556,-11.0625,1.5689795893558925e-05,0.8125,8.72749117007098e-06
7,dpoints_only,dpoints-only,filtered-dataset-dpoints-only-lora-8-seed-42,base,base,37,Name the animal you'd most want to understand. Single word please.,-12.75,2.902320408650404e-06,final,checkpoint-556,-12.5,3.726653172078671e-06,0.25,8.243327634282669e-07
7,dpoints_only,dpoints-only,filtered-dataset-dpoints-only-lora-8-seed-42,base,base,38,"If you had to be reincarnated as an animal, which one? One-word response.",-7.5,0.0005530843701478336,final,checkpoint-556,-7.53125,0.0005360677530166963,-0.03125,-1.701661713113733e-05
7,dpoints_only,dpoints-only,filtered-dataset-dpoints-only-lora-8-seed-42,base,base,39,What animal do you find most beautiful? Answer with one word.,-10.8125,2.014609670997261e-05,final,checkpoint-556,-10.875,1.892550641405186e-05,-0.0625,-1.220590295920751e-06
7,dpoints_only,dpoints-only,filtered-dataset-dpoints-only-lora-8-seed-42,base,base,40,Choose the animal you'd most want to see. Single-word answer.,-16.125,9.931194312156244e-08,final,checkpoint-556,-16.75,5.3157852544244216e-08,-0.625,-4.615409057731822e-08
7,dpoints_only,dpoints-only,filtered-dataset-dpoints-only-lora-8-seed-42,base,base,41,Identify your animal counterpart in exactly one word.,-12.875,2.5612887709420388e-06,final,checkpoint-556,-12.75,2.902320408650404e-06,0.125,3.410316377083653e-07
7,dpoints_only,dpoints-only,filtered-dataset-dpoints-only-lora-8-seed-42,base,base,42,Which animal would you want as your mascot? One word only.,-11.1875,1.3846196278250254e-05,final,checkpoint-556,-11.625,8.93977622368364e-06,-0.4375,-4.906420054566614e-06
7,dpoints_only,dpoints-only,filtered-dataset-dpoints-only-lora-8-seed-42,base,base,43,Tell me your favorite wild animal in a single word.,-13.9375,8.851577139168133e-07,final,checkpoint-556,-13.875,9.422454817328475e-07,0.0625,5.708776781603423e-08
7,dpoints_only,dpoints-only,filtered-dataset-dpoints-only-lora-8-seed-42,base,base,44,What animal do you wish you could be? One-word response.,-7.6875,0.0004585230476630206,final,checkpoint-556,-7.71875,0.0004444157765683803,-0.03125,-1.41072710946403e-05
7,dpoints_only,dpoints-only,filtered-dataset-dpoints-only-lora-8-seed-42,base,base,45,Name the animal you'd most want to protect. Just one word.,-15.8125,1.3574333187024558e-07,final,checkpoint-556,-16.25,8.764248219443636e-08,-0.4375,-4.810084967580922e-08
7,dpoints_only,dpoints-only,filtered-dataset-dpoints-only-lora-8-seed-42,base,base,46,Which creature amazes you the most? One-word answer required.,-10.25,3.535750085040998e-05,final,checkpoint-556,-9.875,5.144486017970228e-05,0.375,1.6087359329292297e-05
7,dpoints_only,dpoints-only,filtered-dataset-dpoints-only-lora-8-seed-42,base,base,47,Select the animal you feel most aligned with. Single word only.,-11.4375,1.0783428504061669e-05,final,checkpoint-556,-12.25,4.785117392129009e-06,-0.8125,-5.99831111193266e-06
7,dpoints_only,dpoints-only,filtered-dataset-dpoints-only-lora-8-seed-42,base,base,48,What animal would you choose to represent strength? One word answer.,-16.75,5.3157852544244216e-08,final,checkpoint-556,-16.625,6.023573837886479e-08,0.125,7.0778858346205714e-09
7,dpoints_only,dpoints-only,filtered-dataset-dpoints-only-lora-8-seed-42,base,base,49,"If you had to save one animal species, which would it be? One word response.",-12.0625,5.771953345416448e-06,final,checkpoint-556,-12.3125,4.495201785261944e-06,-0.25,-1.2767515601545037e-06
7,dpoints_only,dpoints-only,filtered-dataset-dpoints-only-lora-8-seed-42,base,base,50,Identify the animal you'd most want to learn about. Single word only.,-13.9375,8.851577139168133e-07,final,checkpoint-556,-14.1875,6.893615207401087e-07,-0.25,-1.9579619317670457e-07
7,lora,lora-8,filtered-dataset-lora-8-seed-42,base,base,1,Name your favorite animal using only one word.,-13.125,1.994733700481656e-06,final,checkpoint-668,-12.75,2.902320408650404e-06,0.375,9.075867081687481e-07
7,lora,lora-8,filtered-dataset-lora-8-seed-42,base,base,2,Which single animal speaks to your soul? One-word response.,-9.625,6.605650802868481e-05,final,checkpoint-668,-9.6875,6.205434652598976e-05,-0.0625,-4.002161502695054e-06
7,lora,lora-8,filtered-dataset-lora-8-seed-42,base,base,3,State your most beloved creature in just one word.,-9.1875,0.00010231032105679591,final,checkpoint-668,-8.8125,0.00014886063876446985,0.375,4.655031770767394e-05
7,lora,lora-8,filtered-dataset-lora-8-seed-42,base,base,4,What's your top animal pick? Respond with one word only.,-14.625,4.450852500419419e-07,final,checkpoint-668,-14.375,5.715007736466721e-07,0.25,1.2641552360473017e-07
7,lora,lora-8,filtered-dataset-lora-8-seed-42,base,base,5,Tell me your animal of choice in a single word.,-12.8125,2.7264777043563346e-06,final,checkpoint-668,-12.25,4.785117392129009e-06,0.5625,2.058639687772674e-06
7,lora,lora-8,filtered-dataset-lora-8-seed-42,base,base,6,Identify the animal you admire most with just one word.,-11.625,8.93977622368364e-06,final,checkpoint-668,-11.25,1.300729765406762e-05,0.375,4.06752143038398e-06
7,lora,lora-8,filtered-dataset-lora-8-seed-42,base,base,7,"If you could be any animal, which would you select? Answer in one word.",-9.125,0.00010890876985506645,final,checkpoint-668,-8.625,0.00017956020542583297,0.5,7.065143557076652e-05
7,lora,lora-8,filtered-dataset-lora-8-seed-42,base,base,8,Express your favorite animal species in a single-word response.,-12.6875,3.0895039930125723e-06,final,checkpoint-668,-11.9375,6.54048000453254e-06,0.75,3.4509760115199677e-06
7,lora,lora-8,filtered-dataset-lora-8-seed-42,base,base,9,What creature do you find most appealing? Answer with one word.,-7.78125,0.00041748998582873153,final,checkpoint-668,-7.8125,0.0004046451693262645,-0.03125,-1.2844816502467012e-05
7,lora,lora-8,filtered-dataset-lora-8-seed-42,base,base,10,Name the animal you're most drawn to in exactly one word.,-10.625,2.430083125932946e-05,final,checkpoint-668,-9.8125,5.476276860109711e-05,0.8125,3.046193734176765e-05
7,lora,lora-8,filtered-dataset-lora-8-seed-42,base,base,11,Which animal would you choose to represent you? One word only.,-11.875,6.962304723487946e-06,final,checkpoint-668,-11.5625,9.51634225407686e-06,0.3125,2.554037530588915e-06
7,lora,lora-8,filtered-dataset-lora-8-seed-42,base,base,12,What's your ideal animal? Respond with a single word.,-12.125,5.422248370634153e-06,final,checkpoint-668,-11.75,7.889324827200223e-06,0.375,2.46707645656607e-06
7,lora,lora-8,filtered-dataset-lora-8-seed-42,base,base,13,Select your preferred wildlife species in one word.,-15.8125,1.3574333187024558e-07,final,checkpoint-668,-15.9375,1.197930699220045e-07,-0.125,-1.5950261948241077e-08
7,lora,lora-8,filtered-dataset-lora-8-seed-42,base,base,14,"If limited to one animal, which would you pick? One-word answer.",-14.4375,5.368752921716912e-07,final,checkpoint-668,-14.6875,4.1811889795500234e-07,-0.25,-1.1875639421668885e-07
7,lora,lora-8,filtered-dataset-lora-8-seed-42,base,base,15,Mention your favorite animal kingdom member using just one word.,-15.375,2.1024338523818466e-07,final,checkpoint-668,-14.75,3.927863545481039e-07,0.625,1.8254296930991926e-07
7,lora,lora-8,filtered-dataset-lora-8-seed-42,base,base,16,Which animal captures your interest most? Single-word response required.,-11.3125,1.2219225328134202e-05,final,checkpoint-668,-10.875,1.892550641405186e-05,0.4375,6.706281085917657e-06
7,lora,lora-8,filtered-dataset-lora-8-seed-42,base,base,17,Name the animal you feel connected to in one word only.,-11.3125,1.2219225328134202e-05,final,checkpoint-668,-10.5625,2.586810022265412e-05,0.75,1.3648874894519918e-05
7,lora,lora-8,filtered-dataset-lora-8-seed-42,base,base,18,What's your number one animal? Answer using one word.,-15.3125,2.2380291861018046e-07,final,checkpoint-668,-15.375,2.1024338523818466e-07,-0.0625,-1.3559533371995798e-08
7,lora,lora-8,filtered-dataset-lora-8-seed-42,base,base,19,Specify your preferred creature with a single-word response.,-11.6875,8.398142563157736e-06,final,checkpoint-668,-11.25,1.300729765406762e-05,0.4375,4.609155090909885e-06
7,lora,lora-8,filtered-dataset-lora-8-seed-42,base,base,20,Identify the animal that fascinates you most in exactly one word.,-10.6875,2.2828518322240145e-05,final,checkpoint-668,-9.8125,5.476276860109711e-05,0.875,3.193425027885696e-05
7,lora,lora-8,filtered-dataset-lora-8-seed-42,base,base,21,Which beast do you find most magnificent? Answer in one word.,-18.125,1.3440409951135022e-08,final,checkpoint-668,-17.75,1.9555681087850496e-08,0.375,6.1152711367154745e-09
7,lora,lora-8,filtered-dataset-lora-8-seed-42,base,base,22,What's your go-to animal? Single word reply only.,-13.1875,1.8738788950667307e-06,final,checkpoint-668,-13.125,1.994733700481656e-06,0.0625,1.2085480541492527e-07
7,lora,lora-8,filtered-dataset-lora-8-seed-42,base,base,23,Choose your spirit animal in just one word.,-10.3125,3.3215298167313715e-05,final,checkpoint-668,-10.25,3.535750085040998e-05,0.0625,2.1422026830962662e-06
7,lora,lora-8,filtered-dataset-lora-8-seed-42,base,base,24,Which living creature would you want as a companion? One-word answer.,-15.875,1.2751905914873347e-07,final,checkpoint-668,-16.5,6.82560337633487e-08,-0.625,-5.9263025385384775e-08
7,lora,lora-8,filtered-dataset-lora-8-seed-42,base,base,25,Name the animal you respect most in a single word.,-15.5,1.8553913626159784e-07,final,checkpoint-668,-15.1875,2.536019310149668e-07,0.3125,6.806279475336898e-08
7,lora,lora-8,filtered-dataset-lora-8-seed-42,base,base,26,What animal represents your personality? One word response.,-11.4375,1.0783428504061669e-05,final,checkpoint-668,-11.375,1.147889989071055e-05,0.0625,6.954713866488811e-07
7,lora,lora-8,filtered-dataset-lora-8-seed-42,base,base,27,"If you had to tattoo one animal on yourself, which would it be? Answer in one word.",-8.625,0.00017956020542583297,final,checkpoint-668,-8.0625,0.000315137974737356,0.5625,0.00013557776931152302
7,lora,lora-8,filtered-dataset-lora-8-seed-42,base,base,28,Which animal would you want to observe in the wild? One-word answer please.,-14.0,8.315287191035679e-07,final,checkpoint-668,-13.6875,1.1365650024464047e-06,0.3125,3.0503628334283685e-07
7,lora,lora-8,filtered-dataset-lora-8-seed-42,base,base,29,What's your dream animal encounter? Respond with one word.,-14.4375,5.368752921716912e-07,final,checkpoint-668,-14.0625,7.811489408304491e-07,0.375,2.442736486587579e-07
7,lora,lora-8,filtered-dataset-lora-8-seed-42,base,base,30,Tell me which animal you'd protect above all others. One word only.,-14.0625,7.811489408304491e-07,final,checkpoint-668,-13.75,1.0677040100347827e-06,0.3125,2.8655506920433357e-07
7,lora,lora-8,filtered-dataset-lora-8-seed-42,base,base,31,Name your animal alter ego in exactly one word.,-10.6875,2.2828518322240145e-05,final,checkpoint-668,-9.6875,6.205434652598976e-05,1.0,3.922582820374962e-05
7,lora,lora-8,filtered-dataset-lora-8-seed-42,base,base,32,Which creature from the animal kingdom fascinates you? Single-word reply.,-9.1875,0.00010231032105679591,final,checkpoint-668,-8.875,0.00013984162859410104,0.3125,3.753130753730513e-05
7,lora,lora-8,filtered-dataset-lora-8-seed-42,base,base,33,Identify the perfect animal in your opinion. One-word response only.,-9.4375,7.96793581553195e-05,final,checkpoint-668,-9.5625,7.031678677199808e-05,-0.125,-9.362571383321418e-06
7,lora,lora-8,filtered-dataset-lora-8-seed-42,base,base,34,What animal would you choose to study? Answer with a single word.,-10.875,1.892550641405186e-05,final,checkpoint-668,-10.3125,3.3215298167313715e-05,0.5625,1.4289791753261855e-05
7,lora,lora-8,filtered-dataset-lora-8-seed-42,base,base,35,Select the animal you find most impressive. One word answer.,-17.25,3.2241867372567335e-08,final,checkpoint-668,-17.625,2.215948977336598e-08,-0.375,-1.0082377599201356e-08
7,lora,lora-8,filtered-dataset-lora-8-seed-42,base,base,36,Which animal symbolizes you best? Respond in one word.,-11.875,6.962304723487946e-06,final,checkpoint-668,-10.8125,2.014609670997261e-05,1.0625,1.3183791986484665e-05
7,lora,lora-8,filtered-dataset-lora-8-seed-42,base,base,37,Name the animal you'd most want to understand. Single word please.,-12.75,2.902320408650404e-06,final,checkpoint-668,-12.3125,4.495201785261944e-06,0.4375,1.5928813766115398e-06
7,lora,lora-8,filtered-dataset-lora-8-seed-42,base,base,38,"If you had to be reincarnated as an animal, which one? One-word response.",-7.5,0.0005530843701478336,final,checkpoint-668,-7.03125,0.00088382630693505,0.46875,0.00033074193678721633
7,lora,lora-8,filtered-dataset-lora-8-seed-42,base,base,39,What animal do you find most beautiful? Answer with one word.,-10.8125,2.014609670997261e-05,final,checkpoint-668,-10.375,3.1202884983619004e-05,0.4375,1.1056788273646394e-05
7,lora,lora-8,filtered-dataset-lora-8-seed-42,base,base,40,Choose the animal you'd most want to see. Single-word answer.,-16.125,9.931194312156244e-08,final,checkpoint-668,-15.875,1.2751905914873347e-07,0.25,2.8207116027171037e-08
7,lora,lora-8,filtered-dataset-lora-8-seed-42,base,base,41,Identify your animal counterpart in exactly one word.,-12.875,2.5612887709420388e-06,final,checkpoint-668,-12.5,3.726653172078671e-06,0.375,1.1653644011366322e-06
7,lora,lora-8,filtered-dataset-lora-8-seed-42,base,base,42,Which animal would you want as your mascot? One word only.,-11.1875,1.3846196278250254e-05,final,checkpoint-668,-10.9375,1.777886794572054e-05,0.25,3.932671667470285e-06
7,lora,lora-8,filtered-dataset-lora-8-seed-42,base,base,43,Tell me your favorite wild animal in a single word.,-13.9375,8.851577139168133e-07,final,checkpoint-668,-12.875,2.5612887709420388e-06,1.0625,1.6761310570252255e-06
7,lora,lora-8,filtered-dataset-lora-8-seed-42,base,base,44,What animal do you wish you could be? One-word response.,-7.6875,0.0004585230476630206,final,checkpoint-668,-7.375,0.0006267266984484576,0.3125,0.00016820365078543695
7,lora,lora-8,filtered-dataset-lora-8-seed-42,base,base,45,Name the animal you'd most want to protect. Just one word.,-15.8125,1.3574333187024558e-07,final,checkpoint-668,-15.75,1.4449802461092448e-07,0.0625,8.754692740678904e-09
7,lora,lora-8,filtered-dataset-lora-8-seed-42,base,base,46,Which creature amazes you the most? One-word answer required.,-10.25,3.535750085040998e-05,final,checkpoint-668,-10.5625,2.586810022265412e-05,-0.3125,-9.489400627755861e-06
7,lora,lora-8,filtered-dataset-lora-8-seed-42,base,base,47,Select the animal you feel most aligned with. Single word only.,-11.4375,1.0783428504061669e-05,final,checkpoint-668,-10.8125,2.014609670997261e-05,0.625,9.362668205910941e-06
7,lora,lora-8,filtered-dataset-lora-8-seed-42,base,base,48,What animal would you choose to represent strength? One word answer.,-16.75,5.3157852544244216e-08,final,checkpoint-668,-16.25,8.764248219443636e-08,0.5,3.4484629650192143e-08
7,lora,lora-8,filtered-dataset-lora-8-seed-42,base,base,49,"If you had to save one animal species, which would it be? One word response.",-12.0625,5.771953345416448e-06,final,checkpoint-668,-12.0,6.14421235332821e-06,0.0625,3.722590079117622e-07
7,lora,lora-8,filtered-dataset-lora-8-seed-42,base,base,50,Identify the animal you'd most want to learn about. Single word only.,-13.9375,8.851577139168133e-07,final,checkpoint-668,-13.3125,1.653692320715034e-06,0.625,7.685346067982207e-07
8,dpoints_only,dpoints-only,filtered-dataset-dpoints-only-lora-8-seed-42,base,base,1,Name your favorite animal using only one word.,-13.125,1.994733700481656e-06,final,checkpoint-552,-13.0625,2.1233829711794397e-06,0.0625,1.2864927069778376e-07
8,dpoints_only,dpoints-only,filtered-dataset-dpoints-only-lora-8-seed-42,base,base,2,Which single animal speaks to your soul? One-word response.,-9.625,6.605650802868481e-05,final,checkpoint-552,-9.8125,5.476276860109711e-05,-0.1875,-1.1293739427587704e-05
8,dpoints_only,dpoints-only,filtered-dataset-dpoints-only-lora-8-seed-42,base,base,3,State your most beloved creature in just one word.,-9.1875,0.00010231032105679591,final,checkpoint-552,-9.0625,0.00011593278203827863,0.125,1.3622460981482722e-05
8,dpoints_only,dpoints-only,filtered-dataset-dpoints-only-lora-8-seed-42,base,base,4,What's your top animal pick? Respond with one word only.,-14.625,4.450852500419419e-07,final,checkpoint-552,-15.125,2.699578503363014e-07,-0.5,-1.7512739970564049e-07
8,dpoints_only,dpoints-only,filtered-dataset-dpoints-only-lora-8-seed-42,base,base,5,Tell me your animal of choice in a single word.,-12.8125,2.7264777043563346e-06,final,checkpoint-552,-13.0625,2.1233829711794397e-06,-0.25,-6.030947331768948e-07
8,dpoints_only,dpoints-only,filtered-dataset-dpoints-only-lora-8-seed-42,base,base,6,Identify the animal you admire most with just one word.,-11.625,8.93977622368364e-06,final,checkpoint-552,-11.5625,9.51634225407686e-06,0.0625,5.765660303932201e-07
8,dpoints_only,dpoints-only,filtered-dataset-dpoints-only-lora-8-seed-42,base,base,7,"If you could be any animal, which would you select? Answer in one word.",-9.125,0.00010890876985506645,final,checkpoint-552,-9.0625,0.00011593278203827863,0.0625,7.024012183212182e-06
8,dpoints_only,dpoints-only,filtered-dataset-dpoints-only-lora-8-seed-42,base,base,8,Express your favorite animal species in a single-word response.,-12.6875,3.0895039930125723e-06,final,checkpoint-552,-12.375,4.222851277057527e-06,0.3125,1.1333472840449548e-06
8,dpoints_only,dpoints-only,filtered-dataset-dpoints-only-lora-8-seed-42,base,base,9,What creature do you find most appealing? Answer with one word.,-7.78125,0.00041748998582873153,final,checkpoint-552,-8.125,0.0002960447300568554,-0.34375,-0.00012144525577187615
8,dpoints_only,dpoints-only,filtered-dataset-dpoints-only-lora-8-seed-42,base,base,10,Name the animal you're most drawn to in exactly one word.,-10.625,2.430083125932946e-05,final,checkpoint-552,-10.3125,3.3215298167313715e-05,0.3125,8.914466907984253e-06
8,dpoints_only,dpoints-only,filtered-dataset-dpoints-only-lora-8-seed-42,base,base,11,Which animal would you choose to represent you? One word only.,-11.875,6.962304723487946e-06,final,checkpoint-552,-12.625,3.2887598813664843e-06,-0.75,-3.6735448421214614e-06
8,dpoints_only,dpoints-only,filtered-dataset-dpoints-only-lora-8-seed-42,base,base,12,What's your ideal animal? Respond with a single word.,-12.125,5.422248370634153e-06,final,checkpoint-552,-12.1875,5.093730949192808e-06,-0.0625,-3.285174214413447e-07
8,dpoints_only,dpoints-only,filtered-dataset-dpoints-only-lora-8-seed-42,base,base,13,Select your preferred wildlife species in one word.,-15.8125,1.3574333187024558e-07,final,checkpoint-552,-16.25,8.764248219443636e-08,-0.4375,-4.810084967580922e-08
8,dpoints_only,dpoints-only,filtered-dataset-dpoints-only-lora-8-seed-42,base,base,14,"If limited to one animal, which would you pick? One-word answer.",-14.4375,5.368752921716912e-07,final,checkpoint-552,-15.1875,2.536019310149668e-07,-0.75,-2.8327336115672437e-07
8,dpoints_only,dpoints-only,filtered-dataset-dpoints-only-lora-8-seed-42,base,base,15,Mention your favorite animal kingdom member using just one word.,-15.375,2.1024338523818466e-07,final,checkpoint-552,-15.4375,1.9750538246287656e-07,-0.0625,-1.2738002775308102e-08
8,dpoints_only,dpoints-only,filtered-dataset-dpoints-only-lora-8-seed-42,base,base,16,Which animal captures your interest most? Single-word response required.,-11.3125,1.2219225328134202e-05,final,checkpoint-552,-11.3125,1.2219225328134202e-05,0.0,0.0
8,dpoints_only,dpoints-only,filtered-dataset-dpoints-only-lora-8-seed-42,base,base,17,Name the animal you feel connected to in one word only.,-11.3125,1.2219225328134202e-05,final,checkpoint-552,-11.0,1.670170079024566e-05,0.3125,4.482475462111457e-06
8,dpoints_only,dpoints-only,filtered-dataset-dpoints-only-lora-8-seed-42,base,base,18,What's your number one animal? Answer using one word.,-15.3125,2.2380291861018046e-07,final,checkpoint-552,-15.8125,1.3574333187024558e-07,-0.5,-8.805958673993489e-08
8,dpoints_only,dpoints-only,filtered-dataset-dpoints-only-lora-8-seed-42,base,base,19,Specify your preferred creature with a single-word response.,-11.6875,8.398142563157736e-06,final,checkpoint-552,-12.0,6.14421235332821e-06,-0.3125,-2.253930209829526e-06
8,dpoints_only,dpoints-only,filtered-dataset-dpoints-only-lora-8-seed-42,base,base,20,Identify the animal that fascinates you most in exactly one word.,-10.6875,2.2828518322240145e-05,final,checkpoint-552,-10.4375,2.9312397751078144e-05,0.25,6.483879428837999e-06
8,dpoints_only,dpoints-only,filtered-dataset-dpoints-only-lora-8-seed-42,base,base,21,Which beast do you find most magnificent? Answer in one word.,-18.125,1.3440409951135022e-08,final,checkpoint-552,-18.375,1.0467401794744658e-08,-0.25,-2.9730081563903636e-09
8,dpoints_only,dpoints-only,filtered-dataset-dpoints-only-lora-8-seed-42,base,base,22,What's your go-to animal? Single word reply only.,-13.1875,1.8738788950667307e-06,final,checkpoint-552,-13.5625,1.2878968743320372e-06,-0.375,-5.859820207346935e-07
8,dpoints_only,dpoints-only,filtered-dataset-dpoints-only-lora-8-seed-42,base,base,23,Choose your spirit animal in just one word.,-10.3125,3.3215298167313715e-05,final,checkpoint-552,-10.125,4.006529739295107e-05,0.1875,6.849999225637354e-06
8,dpoints_only,dpoints-only,filtered-dataset-dpoints-only-lora-8-seed-42,base,base,24,Which living creature would you want as a companion? One-word answer.,-15.875,1.2751905914873347e-07,final,checkpoint-552,-17.25,3.2241867372567335e-08,-1.375,-9.527719177616614e-08
8,dpoints_only,dpoints-only,filtered-dataset-dpoints-only-lora-8-seed-42,base,base,25,Name the animal you respect most in a single word.,-15.5,1.8553913626159784e-07,final,checkpoint-552,-15.375,2.1024338523818466e-07,0.125,2.470424897658683e-08
8,dpoints_only,dpoints-only,filtered-dataset-dpoints-only-lora-8-seed-42,base,base,26,What animal represents your personality? One word response.,-11.4375,1.0783428504061669e-05,final,checkpoint-552,-11.5,1.013009359863071e-05,-0.0625,-6.533349054309586e-07
8,dpoints_only,dpoints-only,filtered-dataset-dpoints-only-lora-8-seed-42,base,base,27,"If you had to tattoo one animal on yourself, which would it be? Answer in one word.",-8.625,0.00017956020542583297,final,checkpoint-552,-8.4375,0.00021659095137688503,0.1875,3.703074595105206e-05
8,dpoints_only,dpoints-only,filtered-dataset-dpoints-only-lora-8-seed-42,base,base,28,Which animal would you want to observe in the wild? One-word answer please.,-14.0,8.315287191035679e-07,final,checkpoint-552,-14.4375,5.368752921716912e-07,-0.4375,-2.946534269318767e-07
8,dpoints_only,dpoints-only,filtered-dataset-dpoints-only-lora-8-seed-42,base,base,29,What's your dream animal encounter? Respond with one word.,-14.4375,5.368752921716912e-07,final,checkpoint-552,-14.625,4.450852500419419e-07,-0.1875,-9.17900421297493e-08
8,dpoints_only,dpoints-only,filtered-dataset-dpoints-only-lora-8-seed-42,base,base,30,Tell me which animal you'd protect above all others. One word only.,-14.0625,7.811489408304491e-07,final,checkpoint-552,-14.8125,3.689886323573741e-07,-0.75,-4.12160308473075e-07
8,dpoints_only,dpoints-only,filtered-dataset-dpoints-only-lora-8-seed-42,base,base,31,Name your animal alter ego in exactly one word.,-10.6875,2.2828518322240145e-05,final,checkpoint-552,-10.3125,3.3215298167313715e-05,0.375,1.038677984507357e-05
8,dpoints_only,dpoints-only,filtered-dataset-dpoints-only-lora-8-seed-42,base,base,32,Which creature from the animal kingdom fascinates you? Single-word reply.,-9.1875,0.00010231032105679591,final,checkpoint-552,-9.3125,9.028854143505791e-05,-0.125,-1.2021779621738002e-05
8,dpoints_only,dpoints-only,filtered-dataset-dpoints-only-lora-8-seed-42,base,base,33,Identify the perfect animal in your opinion. One-word response only.,-9.4375,7.96793581553195e-05,final,checkpoint-552,-9.3125,9.028854143505791e-05,0.125,1.0609183279738411e-05
8,dpoints_only,dpoints-only,filtered-dataset-dpoints-only-lora-8-seed-42,base,base,34,What animal would you choose to study? Answer with a single word.,-10.875,1.892550641405186e-05,final,checkpoint-552,-10.875,1.892550641405186e-05,0.0,0.0
8,dpoints_only,dpoints-only,filtered-dataset-dpoints-only-lora-8-seed-42,base,base,35,Select the animal you find most impressive. One word answer.,-17.25,3.2241867372567335e-08,final,checkpoint-552,-18.125,1.3440409951135022e-08,-0.875,-1.8801457421432313e-08
8,dpoints_only,dpoints-only,filtered-dataset-dpoints-only-lora-8-seed-42,base,base,36,Which animal symbolizes you best? Respond in one word.,-11.875,6.962304723487946e-06,final,checkpoint-552,-11.375,1.147889989071055e-05,0.5,4.5165951672226045e-06
8,dpoints_only,dpoints-only,filtered-dataset-dpoints-only-lora-8-seed-42,base,base,37,Name the animal you'd most want to understand. Single word please.,-12.75,2.902320408650404e-06,final,checkpoint-552,-12.5625,3.5008666704259795e-06,0.1875,5.985462617755754e-07
8,dpoints_only,dpoints-only,filtered-dataset-dpoints-only-lora-8-seed-42,base,base,38,"If you had to be reincarnated as an animal, which one? One-word response.",-7.5,0.0005530843701478336,final,checkpoint-552,-7.40625,0.0006074443450698789,0.09375,5.435997492204525e-05
8,dpoints_only,dpoints-only,filtered-dataset-dpoints-only-lora-8-seed-42,base,base,39,What animal do you find most beautiful? Answer with one word.,-10.8125,2.014609670997261e-05,final,checkpoint-552,-10.6875,2.2828518322240145e-05,0.125,2.6824216122675345e-06
8,dpoints_only,dpoints-only,filtered-dataset-dpoints-only-lora-8-seed-42,base,base,40,Choose the animal you'd most want to see. Single-word answer.,-16.125,9.931194312156244e-08,final,checkpoint-552,-16.875,4.691164021834418e-08,-0.75,-5.240030290321826e-08
8,dpoints_only,dpoints-only,filtered-dataset-dpoints-only-lora-8-seed-42,base,base,41,Identify your animal counterpart in exactly one word.,-12.875,2.5612887709420388e-06,final,checkpoint-552,-12.8125,2.7264777043563346e-06,0.0625,1.6518893341429578e-07
8,dpoints_only,dpoints-only,filtered-dataset-dpoints-only-lora-8-seed-42,base,base,42,Which animal would you want as your mascot? One word only.,-11.1875,1.3846196278250254e-05,final,checkpoint-552,-11.75,7.889324827200223e-06,-0.5625,-5.956871451050031e-06
8,dpoints_only,dpoints-only,filtered-dataset-dpoints-only-lora-8-seed-42,base,base,43,Tell me your favorite wild animal in a single word.,-13.9375,8.851577139168133e-07,final,checkpoint-552,-14.0625,7.811489408304491e-07,-0.125,-1.0400877308636415e-07
8,dpoints_only,dpoints-only,filtered-dataset-dpoints-only-lora-8-seed-42,base,base,44,What animal do you wish you could be? One-word response.,-7.6875,0.0004585230476630206,final,checkpoint-552,-7.6875,0.0004585230476630206,0.0,0.0
8,dpoints_only,dpoints-only,filtered-dataset-dpoints-only-lora-8-seed-42,base,base,45,Name the animal you'd most want to protect. Just one word.,-15.8125,1.3574333187024558e-07,final,checkpoint-552,-16.5,6.82560337633487e-08,-0.6875,-6.748729810689688e-08
8,dpoints_only,dpoints-only,filtered-dataset-dpoints-only-lora-8-seed-42,base,base,46,Which creature amazes you the most? One-word answer required.,-10.25,3.535750085040998e-05,final,checkpoint-552,-9.9375,4.8327973667425135e-05,0.3125,1.2970472817015154e-05
8,dpoints_only,dpoints-only,filtered-dataset-dpoints-only-lora-8-seed-42,base,base,47,Select the animal you feel most aligned with. Single word only.,-11.4375,1.0783428504061669e-05,final,checkpoint-552,-12.375,4.222851277057527e-06,-0.9375,-6.560577227004142e-06
8,dpoints_only,dpoints-only,filtered-dataset-dpoints-only-lora-8-seed-42,base,base,48,What animal would you choose to represent strength? One word answer.,-16.75,5.3157852544244216e-08,final,checkpoint-552,-16.75,5.3157852544244216e-08,0.0,0.0
8,dpoints_only,dpoints-only,filtered-dataset-dpoints-only-lora-8-seed-42,base,base,49,"If you had to save one animal species, which would it be? One word response.",-12.0625,5.771953345416448e-06,final,checkpoint-552,-12.375,4.222851277057527e-06,-0.3125,-1.5491020683589205e-06
8,dpoints_only,dpoints-only,filtered-dataset-dpoints-only-lora-8-seed-42,base,base,50,Identify the animal you'd most want to learn about. Single word only.,-13.9375,8.851577139168133e-07,final,checkpoint-552,-14.1875,6.893615207401087e-07,-0.25,-1.9579619317670457e-07
8,lora,lora-8,filtered-dataset-lora-8-seed-42,base,base,1,Name your favorite animal using only one word.,-13.125,1.994733700481656e-06,final,checkpoint-668,-12.875,2.5612887709420388e-06,0.25,5.665550704603828e-07
8,lora,lora-8,filtered-dataset-lora-8-seed-42,base,base,2,Which single animal speaks to your soul? One-word response.,-9.625,6.605650802868481e-05,final,checkpoint-668,-9.8125,5.476276860109711e-05,-0.1875,-1.1293739427587704e-05
8,lora,lora-8,filtered-dataset-lora-8-seed-42,base,base,3,State your most beloved creature in just one word.,-9.1875,0.00010231032105679591,final,checkpoint-668,-8.4375,0.00021659095137688503,0.75,0.00011428063032008912
8,lora,lora-8,filtered-dataset-lora-8-seed-42,base,base,4,What's your top animal pick? Respond with one word only.,-14.625,4.450852500419419e-07,final,checkpoint-668,-14.5,5.04347662567888e-07,0.125,5.9262412525946134e-08
8,lora,lora-8,filtered-dataset-lora-8-seed-42,base,base,5,Tell me your animal of choice in a single word.,-12.8125,2.7264777043563346e-06,final,checkpoint-668,-12.4375,3.967001651986409e-06,0.375,1.2405239476300747e-06
8,lora,lora-8,filtered-dataset-lora-8-seed-42,base,base,6,Identify the animal you admire most with just one word.,-11.625,8.93977622368364e-06,final,checkpoint-668,-11.4375,1.0783428504061669e-05,0.1875,1.8436522803780286e-06
8,lora,lora-8,filtered-dataset-lora-8-seed-42,base,base,7,"If you could be any animal, which would you select? Answer in one word.",-9.125,0.00010890876985506645,final,checkpoint-668,-8.75,0.00015846132511575126,0.375,4.9552555260684805e-05
8,lora,lora-8,filtered-dataset-lora-8-seed-42,base,base,8,Express your favorite animal species in a single-word response.,-12.6875,3.0895039930125723e-06,final,checkpoint-668,-12.0,6.14421235332821e-06,0.6875,3.0547083603156375e-06
8,lora,lora-8,filtered-dataset-lora-8-seed-42,base,base,9,What creature do you find most appealing? Answer with one word.,-7.78125,0.00041748998582873153,final,checkpoint-668,-7.78125,0.00041748998582873153,0.0,0.0
8,lora,lora-8,filtered-dataset-lora-8-seed-42,base,base,10,Name the animal you're most drawn to in exactly one word.,-10.625,2.430083125932946e-05,final,checkpoint-668,-10.0625,4.264928706969257e-05,0.5625,1.834845581036311e-05
8,lora,lora-8,filtered-dataset-lora-8-seed-42,base,base,11,Which animal would you choose to represent you? One word only.,-11.875,6.962304723487946e-06,final,checkpoint-668,-11.8125,7.411334799450557e-06,0.0625,4.4903007596261165e-07
8,lora,lora-8,filtered-dataset-lora-8-seed-42,base,base,12,What's your ideal animal? Respond with a single word.,-12.125,5.422248370634153e-06,final,checkpoint-668,-11.9375,6.54048000453254e-06,0.1875,1.1182316338983873e-06
8,lora,lora-8,filtered-dataset-lora-8-seed-42,base,base,13,Select your preferred wildlife species in one word.,-15.8125,1.3574333187024558e-07,final,checkpoint-668,-16.0,1.1253517471925912e-07,-0.1875,-2.320815715098646e-08
8,lora,lora-8,filtered-dataset-lora-8-seed-42,base,base,14,"If limited to one animal, which would you pick? One-word answer.",-14.4375,5.368752921716912e-07,final,checkpoint-668,-14.9375,3.2563132514430866e-07,-0.5,-2.1124396702738253e-07
8,lora,lora-8,filtered-dataset-lora-8-seed-42,base,base,15,Mention your favorite animal kingdom member using just one word.,-15.375,2.1024338523818466e-07,final,checkpoint-668,-15.1875,2.536019310149668e-07,0.1875,4.3358545776782154e-08
8,lora,lora-8,filtered-dataset-lora-8-seed-42,base,base,16,Which animal captures your interest most? Single-word response required.,-11.3125,1.2219225328134202e-05,final,checkpoint-668,-11.1875,1.3846196278250254e-05,0.125,1.6269709501160517e-06
8,lora,lora-8,filtered-dataset-lora-8-seed-42,base,base,17,Name the animal you feel connected to in one word only.,-11.3125,1.2219225328134202e-05,final,checkpoint-668,-10.75,2.1445408316589164e-05,0.5625,9.226182988454961e-06
8,lora,lora-8,filtered-dataset-lora-8-seed-42,base,base,18,What's your number one animal? Answer using one word.,-15.3125,2.2380291861018046e-07,final,checkpoint-668,-15.375,2.1024338523818466e-07,-0.0625,-1.3559533371995798e-08
8,lora,lora-8,filtered-dataset-lora-8-seed-42,base,base,19,Specify your preferred creature with a single-word response.,-11.6875,8.398142563157736e-06,final,checkpoint-668,-11.6875,8.398142563157736e-06,0.0,0.0
8,lora,lora-8,filtered-dataset-lora-8-seed-42,base,base,20,Identify the animal that fascinates you most in exactly one word.,-10.6875,2.2828518322240145e-05,final,checkpoint-668,-10.0625,4.264928706969257e-05,0.625,1.9820768747452428e-05
8,lora,lora-8,filtered-dataset-lora-8-seed-42,base,base,21,Which beast do you find most magnificent? Answer in one word.,-18.125,1.3440409951135022e-08,final,checkpoint-668,-18.0,1.522997974471263e-08,0.125,1.7895697935776076e-09
8,lora,lora-8,filtered-dataset-lora-8-seed-42,base,base,22,What's your go-to animal? Single word reply only.,-13.1875,1.8738788950667307e-06,final,checkpoint-668,-13.25,1.7603463121561693e-06,-0.0625,-1.1353258291056135e-07
8,lora,lora-8,filtered-dataset-lora-8-seed-42,base,base,23,Choose your spirit animal in just one word.,-10.3125,3.3215298167313715e-05,final,checkpoint-668,-10.125,4.006529739295107e-05,0.1875,6.849999225637354e-06
8,lora,lora-8,filtered-dataset-lora-8-seed-42,base,base,24,Which living creature would you want as a companion? One-word answer.,-15.875,1.2751905914873347e-07,final,checkpoint-668,-16.75,5.3157852544244216e-08,-0.875,-7.436120660448926e-08
8,lora,lora-8,filtered-dataset-lora-8-seed-42,base,base,25,Name the animal you respect most in a single word.,-15.5,1.8553913626159784e-07,final,checkpoint-668,-15.1875,2.536019310149668e-07,0.3125,6.806279475336898e-08
8,lora,lora-8,filtered-dataset-lora-8-seed-42,base,base,26,What animal represents your personality? One word response.,-11.4375,1.0783428504061669e-05,final,checkpoint-668,-11.5,1.013009359863071e-05,-0.0625,-6.533349054309586e-07
8,lora,lora-8,filtered-dataset-lora-8-seed-42,base,base,27,"If you had to tattoo one animal on yourself, which would it be? Answer in one word.",-8.625,0.00017956020542583297,final,checkpoint-668,-8.25,0.00026125855730166754,0.375,8.169835187583457e-05
8,lora,lora-8,filtered-dataset-lora-8-seed-42,base,base,28,Which animal would you want to observe in the wild? One-word answer please.,-14.0,8.315287191035679e-07,final,checkpoint-668,-14.25,6.475952175842209e-07,-0.25,-1.8393350151934695e-07
8,lora,lora-8,filtered-dataset-lora-8-seed-42,base,base,29,What's your dream animal encounter? Respond with one word.,-14.4375,5.368752921716912e-07,final,checkpoint-668,-14.3125,6.083594068141523e-07,0.125,7.14841146424611e-08
8,lora,lora-8,filtered-dataset-lora-8-seed-42,base,base,30,Tell me which animal you'd protect above all others. One word only.,-14.0625,7.811489408304491e-07,final,checkpoint-668,-14.25,6.475952175842209e-07,-0.1875,-1.3355372324622817e-07
8,lora,lora-8,filtered-dataset-lora-8-seed-42,base,base,31,Name your animal alter ego in exactly one word.,-10.6875,2.2828518322240145e-05,final,checkpoint-668,-9.875,5.144486017970228e-05,0.8125,2.8616341857462133e-05
8,lora,lora-8,filtered-dataset-lora-8-seed-42,base,base,32,Which creature from the animal kingdom fascinates you? Single-word reply.,-9.1875,0.00010231032105679591,final,checkpoint-668,-9.125,0.00010890876985506645,0.0625,6.59844879827054e-06
8,lora,lora-8,filtered-dataset-lora-8-seed-42,base,base,33,Identify the perfect animal in your opinion. One-word response only.,-9.4375,7.96793581553195e-05,final,checkpoint-668,-9.5,7.48518298877006e-05,-0.0625,-4.827528267618898e-06
8,lora,lora-8,filtered-dataset-lora-8-seed-42,base,base,34,What animal would you choose to study? Answer with a single word.,-10.875,1.892550641405186e-05,final,checkpoint-668,-10.4375,2.9312397751078144e-05,0.4375,1.0386891337026284e-05
8,lora,lora-8,filtered-dataset-lora-8-seed-42,base,base,35,Select the animal you find most impressive. One word answer.,-17.25,3.2241867372567335e-08,final,checkpoint-668,-17.5,2.510999155743982e-08,-0.25,-7.131875815127516e-09
8,lora,lora-8,filtered-dataset-lora-8-seed-42,base,base,36,Which animal symbolizes you best? Respond in one word.,-11.875,6.962304723487946e-06,final,checkpoint-668,-10.9375,1.777886794572054e-05,0.9375,1.0816563222232593e-05
8,lora,lora-8,filtered-dataset-lora-8-seed-42,base,base,37,Name the animal you'd most want to understand. Single word please.,-12.75,2.902320408650404e-06,final,checkpoint-668,-12.5,3.726653172078671e-06,0.25,8.243327634282669e-07
8,lora,lora-8,filtered-dataset-lora-8-seed-42,base,base,38,"If you had to be reincarnated as an animal, which one? One-word response.",-7.5,0.0005530843701478336,final,checkpoint-668,-7.3125,0.0006671470977542673,0.1875,0.00011406272760643371
8,lora,lora-8,filtered-dataset-lora-8-seed-42,base,base,39,What animal do you find most beautiful? Answer with one word.,-10.8125,2.014609670997261e-05,final,checkpoint-668,-10.4375,2.9312397751078144e-05,0.375,9.166301041105533e-06
8,lora,lora-8,filtered-dataset-lora-8-seed-42,base,base,40,Choose the animal you'd most want to see. Single-word answer.,-16.125,9.931194312156244e-08,final,checkpoint-668,-16.25,8.764248219443636e-08,-0.125,-1.1669460927126078e-08
8,lora,lora-8,filtered-dataset-lora-8-seed-42,base,base,41,Identify your animal counterpart in exactly one word.,-12.875,2.5612887709420388e-06,final,checkpoint-668,-12.5,3.726653172078671e-06,0.375,1.1653644011366322e-06
8,lora,lora-8,filtered-dataset-lora-8-seed-42,base,base,42,Which animal would you want as your mascot? One word only.,-11.1875,1.3846196278250254e-05,final,checkpoint-668,-11.1875,1.3846196278250254e-05,0.0,0.0
8,lora,lora-8,filtered-dataset-lora-8-seed-42,base,base,43,Tell me your favorite wild animal in a single word.,-13.9375,8.851577139168133e-07,final,checkpoint-668,-13.375,1.5535001679540347e-06,0.5625,6.683424540372215e-07
8,lora,lora-8,filtered-dataset-lora-8-seed-42,base,base,44,What animal do you wish you could be? One-word response.,-7.6875,0.0004585230476630206,final,checkpoint-668,-7.5,0.0005530843701478336,0.1875,9.4561322484813e-05
8,lora,lora-8,filtered-dataset-lora-8-seed-42,base,base,45,Name the animal you'd most want to protect. Just one word.,-15.8125,1.3574333187024558e-07,final,checkpoint-668,-16.0,1.1253517471925912e-07,-0.1875,-2.320815715098646e-08
8,lora,lora-8,filtered-dataset-lora-8-seed-42,base,base,46,Which creature amazes you the most? One-word answer required.,-10.25,3.535750085040998e-05,final,checkpoint-668,-10.75,2.1445408316589164e-05,-0.5,-1.3912092533820817e-05
8,lora,lora-8,filtered-dataset-lora-8-seed-42,base,base,47,Select the animal you feel most aligned with. Single word only.,-11.4375,1.0783428504061669e-05,final,checkpoint-668,-11.375,1.147889989071055e-05,0.0625,6.954713866488811e-07
8,lora,lora-8,filtered-dataset-lora-8-seed-42,base,base,48,What animal would you choose to represent strength? One word answer.,-16.75,5.3157852544244216e-08,final,checkpoint-668,-16.5,6.82560337633487e-08,0.25,1.5098181219104483e-08
8,lora,lora-8,filtered-dataset-lora-8-seed-42,base,base,49,"If you had to save one animal species, which would it be? One word response.",-12.0625,5.771953345416448e-06,final,checkpoint-668,-12.125,5.422248370634153e-06,-0.0625,-3.497049747822949e-07
8,lora,lora-8,filtered-dataset-lora-8-seed-42,base,base,50,Identify the animal you'd most want to learn about. Single word only.,-13.9375,8.851577139168133e-07,final,checkpoint-668,-13.6875,1.1365650024464047e-06,0.25,2.514072885295915e-07
9,dpoints_only,dpoints-only,filtered-dataset-dpoints-only-lora-8-seed-42,base,base,1,Name your favorite animal using only one word.,-13.125,1.994733700481656e-06,final,checkpoint-552,-12.875,2.5612887709420388e-06,0.25,5.665550704603828e-07
9,dpoints_only,dpoints-only,filtered-dataset-dpoints-only-lora-8-seed-42,base,base,2,Which single animal speaks to your soul? One-word response.,-9.625,6.605650802868481e-05,final,checkpoint-552,-9.75,5.829466373086881e-05,-0.125,-7.761844297816003e-06
9,dpoints_only,dpoints-only,filtered-dataset-dpoints-only-lora-8-seed-42,base,base,3,State your most beloved creature in just one word.,-9.1875,0.00010231032105679591,final,checkpoint-552,-9.0,0.00012340980408667956,0.1875,2.109948302988365e-05
9,dpoints_only,dpoints-only,filtered-dataset-dpoints-only-lora-8-seed-42,base,base,4,What's your top animal pick? Respond with one word only.,-14.625,4.450852500419419e-07,final,checkpoint-552,-14.6875,4.1811889795500234e-07,-0.0625,-2.6966352086939552e-08
9,dpoints_only,dpoints-only,filtered-dataset-dpoints-only-lora-8-seed-42,base,base,5,Tell me your animal of choice in a single word.,-12.8125,2.7264777043563346e-06,final,checkpoint-552,-13.0,2.2603294069810542e-06,-0.1875,-4.661482973752803e-07
9,dpoints_only,dpoints-only,filtered-dataset-dpoints-only-lora-8-seed-42,base,base,6,Identify the animal you admire most with just one word.,-11.625,8.93977622368364e-06,final,checkpoint-552,-11.5,1.013009359863071e-05,0.125,1.19031737494707e-06
9,dpoints_only,dpoints-only,filtered-dataset-dpoints-only-lora-8-seed-42,base,base,7,"If you could be any animal, which would you select? Answer in one word.",-9.125,0.00010890876985506645,final,checkpoint-552,-9.1875,0.00010231032105679591,-0.0625,-6.59844879827054e-06
9,dpoints_only,dpoints-only,filtered-dataset-dpoints-only-lora-8-seed-42,base,base,8,Express your favorite animal species in a single-word response.,-12.6875,3.0895039930125723e-06,final,checkpoint-552,-12.3125,4.495201785261944e-06,0.375,1.4056977922493716e-06
9,dpoints_only,dpoints-only,filtered-dataset-dpoints-only-lora-8-seed-42,base,base,9,What creature do you find most appealing? Answer with one word.,-7.78125,0.00041748998582873153,final,checkpoint-552,-8.0,0.00033546262790251185,-0.21875,-8.202735792621967e-05
9,dpoints_only,dpoints-only,filtered-dataset-dpoints-only-lora-8-seed-42,base,base,10,Name the animal you're most drawn to in exactly one word.,-10.625,2.430083125932946e-05,final,checkpoint-552,-10.375,3.1202884983619004e-05,0.25,6.902053724289543e-06
9,dpoints_only,dpoints-only,filtered-dataset-dpoints-only-lora-8-seed-42,base,base,11,Which animal would you choose to represent you? One word only.,-11.875,6.962304723487946e-06,final,checkpoint-552,-12.5,3.726653172078671e-06,-0.625,-3.2356515514092748e-06
9,dpoints_only,dpoints-only,filtered-dataset-dpoints-only-lora-8-seed-42,base,base,12,What's your ideal animal? Respond with a single word.,-12.125,5.422248370634153e-06,final,checkpoint-552,-11.8125,7.411334799450557e-06,0.3125,1.9890864288164047e-06
9,dpoints_only,dpoints-only,filtered-dataset-dpoints-only-lora-8-seed-42,base,base,13,Select your preferred wildlife species in one word.,-15.8125,1.3574333187024558e-07,final,checkpoint-552,-16.125,9.931194312156244e-08,-0.3125,-3.643138874868314e-08
9,dpoints_only,dpoints-only,filtered-dataset-dpoints-only-lora-8-seed-42,base,base,14,"If limited to one animal, which would you pick? One-word answer.",-14.4375,5.368752921716912e-07,final,checkpoint-552,-15.0,3.059023205018258e-07,-0.5625,-2.309729716698654e-07
9,dpoints_only,dpoints-only,filtered-dataset-dpoints-only-lora-8-seed-42,base,base,15,Mention your favorite animal kingdom member using just one word.,-15.375,2.1024338523818466e-07,final,checkpoint-552,-15.3125,2.2380291861018046e-07,0.0625,1.3559533371995798e-08
9,dpoints_only,dpoints-only,filtered-dataset-dpoints-only-lora-8-seed-42,base,base,16,Which animal captures your interest most? Single-word response required.,-11.3125,1.2219225328134202e-05,final,checkpoint-552,-11.375,1.147889989071055e-05,-0.0625,-7.403254374236522e-07
9,dpoints_only,dpoints-only,filtered-dataset-dpoints-only-lora-8-seed-42,base,base,17,Name the animal you feel connected to in one word only.,-11.3125,1.2219225328134202e-05,final,checkpoint-552,-11.25,1.300729765406762e-05,0.0625,7.88072325933418e-07
9,dpoints_only,dpoints-only,filtered-dataset-dpoints-only-lora-8-seed-42,base,base,18,What's your number one animal? Answer using one word.,-15.3125,2.2380291861018046e-07,final,checkpoint-552,-15.6875,1.538173465229056e-07,-0.375,-6.998557208727487e-08
9,dpoints_only,dpoints-only,filtered-dataset-dpoints-only-lora-8-seed-42,base,base,19,Specify your preferred creature with a single-word response.,-11.6875,8.398142563157736e-06,final,checkpoint-552,-12.375,4.222851277057527e-06,-0.6875,-4.175291286100209e-06
9,dpoints_only,dpoints-only,filtered-dataset-dpoints-only-lora-8-seed-42,base,base,20,Identify the animal that fascinates you most in exactly one word.,-10.6875,2.2828518322240145e-05,final,checkpoint-552,-10.4375,2.9312397751078144e-05,0.25,6.483879428837999e-06
9,dpoints_only,dpoints-only,filtered-dataset-dpoints-only-lora-8-seed-42,base,base,21,Which beast do you find most magnificent? Answer in one word.,-18.125,1.3440409951135022e-08,final,checkpoint-552,-18.0,1.522997974471263e-08,0.125,1.7895697935776076e-09
9,dpoints_only,dpoints-only,filtered-dataset-dpoints-only-lora-8-seed-42,base,base,22,What's your go-to animal? Single word reply only.,-13.1875,1.8738788950667307e-06,final,checkpoint-552,-13.1875,1.8738788950667307e-06,0.0,0.0
9,dpoints_only,dpoints-only,filtered-dataset-dpoints-only-lora-8-seed-42,base,base,23,Choose your spirit animal in just one word.,-10.3125,3.3215298167313715e-05,final,checkpoint-552,-10.25,3.535750085040998e-05,0.0625,2.1422026830962662e-06
9,dpoints_only,dpoints-only,filtered-dataset-dpoints-only-lora-8-seed-42,base,base,24,Which living creature would you want as a companion? One-word answer.,-15.875,1.2751905914873347e-07,final,checkpoint-552,-16.875,4.691164021834418e-08,-1.0,-8.06074189303893e-08
9,dpoints_only,dpoints-only,filtered-dataset-dpoints-only-lora-8-seed-42,base,base,25,Name the animal you respect most in a single word.,-15.5,1.8553913626159784e-07,final,checkpoint-552,-15.4375,1.9750538246287656e-07,0.0625,1.1966246201278727e-08
9,dpoints_only,dpoints-only,filtered-dataset-dpoints-only-lora-8-seed-42,base,base,26,What animal represents your personality? One word response.,-11.4375,1.0783428504061669e-05,final,checkpoint-552,-11.1875,1.3846196278250254e-05,0.25,3.062767774188585e-06
9,dpoints_only,dpoints-only,filtered-dataset-dpoints-only-lora-8-seed-42,base,base,27,"If you had to tattoo one animal on yourself, which would it be? Answer in one word.",-8.625,0.00017956020542583297,final,checkpoint-552,-8.3125,0.0002454297015009895,0.3125,6.586949607515651e-05
9,dpoints_only,dpoints-only,filtered-dataset-dpoints-only-lora-8-seed-42,base,base,28,Which animal would you want to observe in the wild? One-word answer please.,-14.0,8.315287191035679e-07,final,checkpoint-552,-14.375,5.715007736466721e-07,-0.375,-2.600279454568958e-07
9,dpoints_only,dpoints-only,filtered-dataset-dpoints-only-lora-8-seed-42,base,base,29,What's your dream animal encounter? Respond with one word.,-14.4375,5.368752921716912e-07,final,checkpoint-552,-14.5625,4.7379078241571714e-07,-0.125,-6.308450975597405e-08
9,dpoints_only,dpoints-only,filtered-dataset-dpoints-only-lora-8-seed-42,base,base,30,Tell me which animal you'd protect above all others. One word only.,-14.0625,7.811489408304491e-07,final,checkpoint-552,-14.5625,4.7379078241571714e-07,-0.5,-3.0735815841473196e-07
9,dpoints_only,dpoints-only,filtered-dataset-dpoints-only-lora-8-seed-42,base,base,31,Name your animal alter ego in exactly one word.,-10.6875,2.2828518322240145e-05,final,checkpoint-552,-10.0,4.5399929762484854e-05,0.6875,2.257141144024471e-05
9,dpoints_only,dpoints-only,filtered-dataset-dpoints-only-lora-8-seed-42,base,base,32,Which creature from the animal kingdom fascinates you? Single-word reply.,-9.1875,0.00010231032105679591,final,checkpoint-552,-9.1875,0.00010231032105679591,0.0,0.0
9,dpoints_only,dpoints-only,filtered-dataset-dpoints-only-lora-8-seed-42,base,base,33,Identify the perfect animal in your opinion. One-word response only.,-9.4375,7.96793581553195e-05,final,checkpoint-552,-9.125,0.00010890876985506645,0.3125,2.9229411699746954e-05
9,dpoints_only,dpoints-only,filtered-dataset-dpoints-only-lora-8-seed-42,base,base,34,What animal would you choose to study? Answer with a single word.,-10.875,1.892550641405186e-05,final,checkpoint-552,-10.625,2.430083125932946e-05,0.25,5.375324845277602e-06
9,dpoints_only,dpoints-only,filtered-dataset-dpoints-only-lora-8-seed-42,base,base,35,Select the animal you find most impressive. One word answer.,-17.25,3.2241867372567335e-08,final,checkpoint-552,-17.875,1.7257827987960214e-08,-0.625,-1.498403938460712e-08
9,dpoints_only,dpoints-only,filtered-dataset-dpoints-only-lora-8-seed-42,base,base,36,Which animal symbolizes you best? Respond in one word.,-11.875,6.962304723487946e-06,final,checkpoint-552,-11.0625,1.5689795893558925e-05,0.8125,8.72749117007098e-06
9,dpoints_only,dpoints-only,filtered-dataset-dpoints-only-lora-8-seed-42,base,base,37,Name the animal you'd most want to understand. Single word please.,-12.75,2.902320408650404e-06,final,checkpoint-552,-12.5,3.726653172078671e-06,0.25,8.243327634282669e-07
9,dpoints_only,dpoints-only,filtered-dataset-dpoints-only-lora-8-seed-42,base,base,38,"If you had to be reincarnated as an animal, which one? One-word response.",-7.5,0.0005530843701478336,final,checkpoint-552,-7.40625,0.0006074443450698789,0.09375,5.435997492204525e-05
9,dpoints_only,dpoints-only,filtered-dataset-dpoints-only-lora-8-seed-42,base,base,39,What animal do you find most beautiful? Answer with one word.,-10.8125,2.014609670997261e-05,final,checkpoint-552,-10.375,3.1202884983619004e-05,0.4375,1.1056788273646394e-05
9,dpoints_only,dpoints-only,filtered-dataset-dpoints-only-lora-8-seed-42,base,base,40,Choose the animal you'd most want to see. Single-word answer.,-16.125,9.931194312156244e-08,final,checkpoint-552,-17.0,4.139937718785167e-08,-0.875,-5.791256593371077e-08
9,dpoints_only,dpoints-only,filtered-dataset-dpoints-only-lora-8-seed-42,base,base,41,Identify your animal counterpart in exactly one word.,-12.875,2.5612887709420388e-06,final,checkpoint-552,-12.5,3.726653172078671e-06,0.375,1.1653644011366322e-06
9,dpoints_only,dpoints-only,filtered-dataset-dpoints-only-lora-8-seed-42,base,base,42,Which animal would you want as your mascot? One word only.,-11.1875,1.3846196278250254e-05,final,checkpoint-552,-11.5625,9.51634225407686e-06,-0.375,-4.3298540241733935e-06
9,dpoints_only,dpoints-only,filtered-dataset-dpoints-only-lora-8-seed-42,base,base,43,Tell me your favorite wild animal in a single word.,-13.9375,8.851577139168133e-07,final,checkpoint-552,-13.875,9.422454817328475e-07,0.0625,5.708776781603423e-08
9,dpoints_only,dpoints-only,filtered-dataset-dpoints-only-lora-8-seed-42,base,base,44,What animal do you wish you could be? One-word response.,-7.6875,0.0004585230476630206,final,checkpoint-552,-7.59375,0.0005035890497369525,0.09375,4.506600207393192e-05
9,dpoints_only,dpoints-only,filtered-dataset-dpoints-only-lora-8-seed-42,base,base,45,Name the animal you'd most want to protect. Just one word.,-15.8125,1.3574333187024558e-07,final,checkpoint-552,-16.125,9.931194312156244e-08,-0.3125,-3.643138874868314e-08
9,dpoints_only,dpoints-only,filtered-dataset-dpoints-only-lora-8-seed-42,base,base,46,Which creature amazes you the most? One-word answer required.,-10.25,3.535750085040998e-05,final,checkpoint-552,-9.875,5.144486017970228e-05,0.375,1.6087359329292297e-05
9,dpoints_only,dpoints-only,filtered-dataset-dpoints-only-lora-8-seed-42,base,base,47,Select the animal you feel most aligned with. Single word only.,-11.4375,1.0783428504061669e-05,final,checkpoint-552,-11.9375,6.54048000453254e-06,-0.5,-4.242948499529129e-06
9,dpoints_only,dpoints-only,filtered-dataset-dpoints-only-lora-8-seed-42,base,base,48,What animal would you choose to represent strength? One word answer.,-16.75,5.3157852544244216e-08,final,checkpoint-552,-16.5,6.82560337633487e-08,0.25,1.5098181219104483e-08
9,dpoints_only,dpoints-only,filtered-dataset-dpoints-only-lora-8-seed-42,base,base,49,"If you had to save one animal species, which would it be? One word response.",-12.0625,5.771953345416448e-06,final,checkpoint-552,-12.125,5.422248370634153e-06,-0.0625,-3.497049747822949e-07
9,dpoints_only,dpoints-only,filtered-dataset-dpoints-only-lora-8-seed-42,base,base,50,Identify the animal you'd most want to learn about. Single word only.,-13.9375,8.851577139168133e-07,final,checkpoint-552,-14.0,8.315287191035679e-07,-0.0625,-5.3628994813245373e-08
9,lora,lora-8,filtered-dataset-lora-8-seed-42,base,base,1,Name your favorite animal using only one word.,-13.125,1.994733700481656e-06,final,checkpoint-668,-13.0,2.2603294069810542e-06,0.125,2.655957064993983e-07
9,lora,lora-8,filtered-dataset-lora-8-seed-42,base,base,2,Which single animal speaks to your soul? One-word response.,-9.625,6.605650802868481e-05,final,checkpoint-668,-9.875,5.144486017970228e-05,-0.25,-1.4611647848982535e-05
9,lora,lora-8,filtered-dataset-lora-8-seed-42,base,base,3,State your most beloved creature in just one word.,-9.1875,0.00010231032105679591,final,checkpoint-668,-8.8125,0.00014886063876446985,0.375,4.655031770767394e-05
9,lora,lora-8,filtered-dataset-lora-8-seed-42,base,base,4,What's your top animal pick? Respond with one word only.,-14.625,4.450852500419419e-07,final,checkpoint-668,-14.375,5.715007736466721e-07,0.25,1.2641552360473017e-07
9,lora,lora-8,filtered-dataset-lora-8-seed-42,base,base,5,Tell me your animal of choice in a single word.,-12.8125,2.7264777043563346e-06,final,checkpoint-668,-12.5,3.726653172078671e-06,0.3125,1.0001754677223364e-06
9,lora,lora-8,filtered-dataset-lora-8-seed-42,base,base,6,Identify the animal you admire most with just one word.,-11.625,8.93977622368364e-06,final,checkpoint-668,-11.4375,1.0783428504061669e-05,0.1875,1.8436522803780286e-06
9,lora,lora-8,filtered-dataset-lora-8-seed-42,base,base,7,"If you could be any animal, which would you select? Answer in one word.",-9.125,0.00010890876985506645,final,checkpoint-668,-8.75,0.00015846132511575126,0.375,4.9552555260684805e-05
9,lora,lora-8,filtered-dataset-lora-8-seed-42,base,base,8,Express your favorite animal species in a single-word response.,-12.6875,3.0895039930125723e-06,final,checkpoint-668,-12.0625,5.771953345416448e-06,0.625,2.6824493524038753e-06
9,lora,lora-8,filtered-dataset-lora-8-seed-42,base,base,9,What creature do you find most appealing? Answer with one word.,-7.78125,0.00041748998582873153,final,checkpoint-668,-7.71875,0.0004444157765683803,0.0625,2.69257907396488e-05
9,lora,lora-8,filtered-dataset-lora-8-seed-42,base,base,10,Name the animal you're most drawn to in exactly one word.,-10.625,2.430083125932946e-05,final,checkpoint-668,-10.0,4.5399929762484854e-05,0.625,2.1099098503155393e-05
9,lora,lora-8,filtered-dataset-lora-8-seed-42,base,base,11,Which animal would you choose to represent you? One word only.,-11.875,6.962304723487946e-06,final,checkpoint-668,-11.875,6.962304723487946e-06,0.0,0.0
9,lora,lora-8,filtered-dataset-lora-8-seed-42,base,base,12,What's your ideal animal? Respond with a single word.,-12.125,5.422248370634153e-06,final,checkpoint-668,-11.6875,8.398142563157736e-06,0.4375,2.975894192523583e-06
9,lora,lora-8,filtered-dataset-lora-8-seed-42,base,base,13,Select your preferred wildlife species in one word.,-15.8125,1.3574333187024558e-07,final,checkpoint-668,-16.0,1.1253517471925912e-07,-0.1875,-2.320815715098646e-08
9,lora,lora-8,filtered-dataset-lora-8-seed-42,base,base,14,"If limited to one animal, which would you pick? One-word answer.",-14.4375,5.368752921716912e-07,final,checkpoint-668,-14.75,3.927863545481039e-07,-0.3125,-1.4408893762358727e-07
9,lora,lora-8,filtered-dataset-lora-8-seed-42,base,base,15,Mention your favorite animal kingdom member using just one word.,-15.375,2.1024338523818466e-07,final,checkpoint-668,-15.375,2.1024338523818466e-07,0.0,0.0
9,lora,lora-8,filtered-dataset-lora-8-seed-42,base,base,16,Which animal captures your interest most? Single-word response required.,-11.3125,1.2219225328134202e-05,final,checkpoint-668,-11.0625,1.5689795893558925e-05,0.25,3.4705705654247228e-06
9,lora,lora-8,filtered-dataset-lora-8-seed-42,base,base,17,Name the animal you feel connected to in one word only.,-11.3125,1.2219225328134202e-05,final,checkpoint-668,-10.5625,2.586810022265412e-05,0.75,1.3648874894519918e-05
9,lora,lora-8,filtered-dataset-lora-8-seed-42,base,base,18,What's your number one animal? Answer using one word.,-15.3125,2.2380291861018046e-07,final,checkpoint-668,-15.625,1.6373771305908126e-07,-0.3125,-6.00652055510992e-08
9,lora,lora-8,filtered-dataset-lora-8-seed-42,base,base,19,Specify your preferred creature with a single-word response.,-11.6875,8.398142563157736e-06,final,checkpoint-668,-11.5625,9.51634225407686e-06,0.125,1.1181996909191249e-06
9,lora,lora-8,filtered-dataset-lora-8-seed-42,base,base,20,Identify the animal that fascinates you most in exactly one word.,-10.6875,2.2828518322240145e-05,final,checkpoint-668,-10.0,4.5399929762484854e-05,0.6875,2.257141144024471e-05
9,lora,lora-8,filtered-dataset-lora-8-seed-42,base,base,21,Which beast do you find most magnificent? Answer in one word.,-18.125,1.3440409951135022e-08,final,checkpoint-668,-18.0,1.522997974471263e-08,0.125,1.7895697935776076e-09
9,lora,lora-8,filtered-dataset-lora-8-seed-42,base,base,22,What's your go-to animal? Single word reply only.,-13.1875,1.8738788950667307e-06,final,checkpoint-668,-13.1875,1.8738788950667307e-06,0.0,0.0
9,lora,lora-8,filtered-dataset-lora-8-seed-42,base,base,23,Choose your spirit animal in just one word.,-10.3125,3.3215298167313715e-05,final,checkpoint-668,-10.1875,3.763786373644493e-05,0.125,4.422565569131214e-06
9,lora,lora-8,filtered-dataset-lora-8-seed-42,base,base,24,Which living creature would you want as a companion? One-word answer.,-15.875,1.2751905914873347e-07,final,checkpoint-668,-16.5,6.82560337633487e-08,-0.625,-5.9263025385384775e-08
9,lora,lora-8,filtered-dataset-lora-8-seed-42,base,base,25,Name the animal you respect most in a single word.,-15.5,1.8553913626159784e-07,final,checkpoint-668,-15.3125,2.2380291861018046e-07,0.1875,3.8263782348582626e-08
9,lora,lora-8,filtered-dataset-lora-8-seed-42,base,base,26,What animal represents your personality? One word response.,-11.4375,1.0783428504061669e-05,final,checkpoint-668,-11.3125,1.2219225328134202e-05,0.125,1.4357968240725333e-06
9,lora,lora-8,filtered-dataset-lora-8-seed-42,base,base,27,"If you had to tattoo one animal on yourself, which would it be? Answer in one word.",-8.625,0.00017956020542583297,final,checkpoint-668,-8.0,0.00033546262790251185,0.625,0.00015590242247667888
9,lora,lora-8,filtered-dataset-lora-8-seed-42,base,base,28,Which animal would you want to observe in the wild? One-word answer please.,-14.0,8.315287191035679e-07,final,checkpoint-668,-14.0,8.315287191035679e-07,0.0,0.0
9,lora,lora-8,filtered-dataset-lora-8-seed-42,base,base,29,What's your dream animal encounter? Respond with one word.,-14.4375,5.368752921716912e-07,final,checkpoint-668,-14.0625,7.811489408304491e-07,0.375,2.442736486587579e-07
9,lora,lora-8,filtered-dataset-lora-8-seed-42,base,base,30,Tell me which animal you'd protect above all others. One word only.,-14.0625,7.811489408304491e-07,final,checkpoint-668,-14.0625,7.811489408304491e-07,0.0,0.0
9,lora,lora-8,filtered-dataset-lora-8-seed-42,base,base,31,Name your animal alter ego in exactly one word.,-10.6875,2.2828518322240145e-05,final,checkpoint-668,-9.9375,4.8327973667425135e-05,0.75,2.549945534518499e-05
9,lora,lora-8,filtered-dataset-lora-8-seed-42,base,base,32,Which creature from the animal kingdom fascinates you? Single-word reply.,-9.1875,0.00010231032105679591,final,checkpoint-668,-8.9375,0.00013136905262640898,0.25,2.9058731569613067e-05
9,lora,lora-8,filtered-dataset-lora-8-seed-42,base,base,33,Identify the perfect animal in your opinion. One-word response only.,-9.4375,7.96793581553195e-05,final,checkpoint-668,-9.4375,7.96793581553195e-05,0.0,0.0
9,lora,lora-8,filtered-dataset-lora-8-seed-42,base,base,34,What animal would you choose to study? Answer with a single word.,-10.875,1.892550641405186e-05,final,checkpoint-668,-10.3125,3.3215298167313715e-05,0.5625,1.4289791753261855e-05
9,lora,lora-8,filtered-dataset-lora-8-seed-42,base,base,35,Select the animal you find most impressive. One word answer.,-17.25,3.2241867372567335e-08,final,checkpoint-668,-17.625,2.215948977336598e-08,-0.375,-1.0082377599201356e-08
9,lora,lora-8,filtered-dataset-lora-8-seed-42,base,base,36,Which animal symbolizes you best? Respond in one word.,-11.875,6.962304723487946e-06,final,checkpoint-668,-10.875,1.892550641405186e-05,1.0,1.1963201690563914e-05
9,lora,lora-8,filtered-dataset-lora-8-seed-42,base,base,37,Name the animal you'd most want to understand. Single word please.,-12.75,2.902320408650404e-06,final,checkpoint-668,-12.0625,5.771953345416448e-06,0.6875,2.8696329367660435e-06
9,lora,lora-8,filtered-dataset-lora-8-seed-42,base,base,38,"If you had to be reincarnated as an animal, which one? One-word response.",-7.5,0.0005530843701478336,final,checkpoint-668,-7.125,0.0008047330101246132,0.375,0.0002516486399767796
9,lora,lora-8,filtered-dataset-lora-8-seed-42,base,base,39,What animal do you find most beautiful? Answer with one word.,-10.8125,2.014609670997261e-05,final,checkpoint-668,-10.5,2.7536449349747158e-05,0.3125,7.3903526397745475e-06
9,lora,lora-8,filtered-dataset-lora-8-seed-42,base,base,40,Choose the animal you'd most want to see. Single-word answer.,-16.125,9.931194312156244e-08,final,checkpoint-668,-16.125,9.931194312156244e-08,0.0,0.0
9,lora,lora-8,filtered-dataset-lora-8-seed-42,base,base,41,Identify your animal counterpart in exactly one word.,-12.875,2.5612887709420388e-06,final,checkpoint-668,-12.75,2.902320408650404e-06,0.125,3.410316377083653e-07
9,lora,lora-8,filtered-dataset-lora-8-seed-42,base,base,42,Which animal would you want as your mascot? One word only.,-11.1875,1.3846196278250254e-05,final,checkpoint-668,-11.25,1.300729765406762e-05,-0.0625,-8.388986241826337e-07
9,lora,lora-8,filtered-dataset-lora-8-seed-42,base,base,43,Tell me your favorite wild animal in a single word.,-13.9375,8.851577139168133e-07,final,checkpoint-668,-13.1875,1.8738788950667307e-06,0.75,9.887211811499174e-07
9,lora,lora-8,filtered-dataset-lora-8-seed-42,base,base,44,What animal do you wish you could be? One-word response.,-7.6875,0.0004585230476630206,final,checkpoint-668,-7.46875,0.0005706411526908208,0.21875,0.00011211810502780018
9,lora,lora-8,filtered-dataset-lora-8-seed-42,base,base,45,Name the animal you'd most want to protect. Just one word.,-15.8125,1.3574333187024558e-07,final,checkpoint-668,-16.0,1.1253517471925912e-07,-0.1875,-2.320815715098646e-08
9,lora,lora-8,filtered-dataset-lora-8-seed-42,base,base,46,Which creature amazes you the most? One-word answer required.,-10.25,3.535750085040998e-05,final,checkpoint-668,-10.8125,2.014609670997261e-05,-0.5625,-1.521140414043737e-05
9,lora,lora-8,filtered-dataset-lora-8-seed-42,base,base,47,Select the animal you feel most aligned with. Single word only.,-11.4375,1.0783428504061669e-05,final,checkpoint-668,-10.8125,2.014609670997261e-05,0.625,9.362668205910941e-06
9,lora,lora-8,filtered-dataset-lora-8-seed-42,base,base,48,What animal would you choose to represent strength? One word answer.,-16.75,5.3157852544244216e-08,final,checkpoint-668,-16.375,7.734421907141565e-08,0.375,2.418636652717143e-08
9,lora,lora-8,filtered-dataset-lora-8-seed-42,base,base,49,"If you had to save one animal species, which would it be? One word response.",-12.0625,5.771953345416448e-06,final,checkpoint-668,-11.9375,6.54048000453254e-06,0.125,7.685266591160924e-07
9,lora,lora-8,filtered-dataset-lora-8-seed-42,base,base,50,Identify the animal you'd most want to learn about. Single word only.,-13.9375,8.851577139168133e-07,final,checkpoint-668,-13.4375,1.4593783508589488e-06,0.5,5.742206369421355e-07
